USE PortIQ;



SET FOREIGN_KEY_CHECKS = 0;

DELETE FROM Benchmark;
DELETE FROM PerformanceRecord;
DELETE FROM RiskMetric;
DELETE FROM Strategy;
DELETE FROM Trade;
DELETE FROM AnalystRating;
DELETE FROM Asset;
DELETE FROM StockPosition;
DELETE FROM PortfolioSnapshot;
DELETE FROM Portfolio;
DELETE FROM DashboardLayout;
DELETE FROM DashBoard;
DELETE FROM Visualization;
DELETE FROM DataCleaningMethod;
DELETE FROM Dataset;
DELETE FROM ChatSession;
DELETE FROM Customer;
DELETE FROM Permission;
DELETE FROM Role;
DELETE FROM Action;
DELETE FROM DailySummary;
DELETE FROM Users;

SET FOREIGN_KEY_CHECKS = 1;


INSERT INTO Users (userID, first_name, last_name, username, email, passwordHash, birth_date)
VALUES
(1, 'Andrew', 'Rock', 'andrewrock', 'andrew.rock@portiq.com', 'hashed_pw_andrew', '1993-06-15 00:00:00'),
(2, 'John', 'Data', 'johndata', 'john.data@portiq.com', 'hashed_pw_john', '1980-03-12 00:00:00'),
(3, 'Katrina', 'Williams', 'kwilliams', 'katrina.williams@portiq.com', 'hashed_pw_katrina', '1985-09-21 00:00:00'),
(4, 'Jane', 'Doe', 'janedoe', 'jane.doe@portiq.com', 'hashed_pw_jane', '1998-11-08 00:00:00'),
(5, 'Danielle', 'Johnson', 'djohnson', 'djohnson@portiq.com', 'hashed_pw_djohnson', '1988-03-04 00:00:00'),
(6, 'Jeffrey', 'Doyle', 'jdoyle', 'jdoyle@portiq.com', 'hashed_pw_jdoyle', '1998-03-20 00:00:00'),
(7, 'Patricia', 'Miller', 'pmiller', 'pmiller@portiq.com', 'hashed_pw_pmiller', '1991-11-05 00:00:00'),
(8, 'Anthony', 'Robinson', 'arobinson', 'arobinson@portiq.com', 'hashed_pw_arobinson', '1993-12-06 00:00:00'),
(9, 'Anthony', 'Gonzalez', 'agonzalez', 'agonzalez@portiq.com', 'hashed_pw_agonzalez', '1997-07-18 00:00:00'),
(10, 'Amy', 'Robinson', 'arobinson1', 'arobinson1@portiq.com', 'hashed_pw_arobinson1', '1996-01-11 00:00:00'),
(11, 'Lisa', 'Smith', 'lsmith', 'lsmith@portiq.com', 'hashed_pw_lsmith', '2001-06-11 00:00:00'),
(12, 'Helen', 'Peterson', 'hpeterson', 'hpeterson@portiq.com', 'hashed_pw_hpeterson', '1985-03-08 00:00:00'),
(13, 'Susan', 'Rogers', 'srogers', 'srogers@portiq.com', 'hashed_pw_srogers', '1983-08-14 00:00:00'),
(14, 'Colin', 'Abbott', 'cabbott', 'cabbott@portiq.com', 'hashed_pw_cabbott', '1996-05-22 00:00:00'),
(15, 'Lindsay', 'Blair', 'lblair', 'lblair@portiq.com', 'hashed_pw_lblair', '1994-09-14 00:00:00'),
(16, 'Teresa', 'Gray', 'tgray', 'tgray@portiq.com', 'hashed_pw_tgray', '1995-02-05 00:00:00'),
(17, 'Maria', 'Montgomery', 'mmontgomery', 'mmontgomery@portiq.com', 'hashed_pw_mmontgomery', '2002-11-03 00:00:00'),
(18, 'Barbara', 'Bush', 'bbush', 'bbush@portiq.com', 'hashed_pw_bbush', '1982-06-11 00:00:00'),
(19, 'Jeremy', 'Roberts', 'jroberts', 'jroberts@portiq.com', 'hashed_pw_jroberts', '1983-04-17 00:00:00'),
(20, 'Jesse', 'Garcia', 'jgarcia', 'jgarcia@portiq.com', 'hashed_pw_jgarcia', '1988-03-31 00:00:00'),
(21, 'Cynthia', 'Diaz', 'cdiaz', 'cdiaz@portiq.com', 'hashed_pw_cdiaz', '1990-07-21 00:00:00'),
(22, 'Jason', 'Adams', 'jadams', 'jadams@portiq.com', 'hashed_pw_jadams', '2004-09-17 00:00:00'),
(23, 'Deborah', 'Lynch', 'dlynch', 'dlynch@portiq.com', 'hashed_pw_dlynch', '1985-07-29 00:00:00'),
(24, 'Jessica', 'Martin', 'jmartin', 'jmartin@portiq.com', 'hashed_pw_jmartin', '1990-10-14 00:00:00'),
(25, 'Veronica', 'Bowman', 'vbowman', 'vbowman@portiq.com', 'hashed_pw_vbowman', '1995-03-22 00:00:00'),
(26, 'Gabrielle', 'Cameron', 'gcameron', 'gcameron@portiq.com', 'hashed_pw_gcameron', '2000-09-11 00:00:00'),
(27, 'Jeremy', 'Johnson', 'jjohnson', 'jjohnson@portiq.com', 'hashed_pw_jjohnson', '1989-03-08 00:00:00'),
(28, 'Joseph', 'Clark', 'jclark', 'jclark@portiq.com', 'hashed_pw_jclark', '2004-11-14 00:00:00'),
(29, 'Nancy', 'Edwards', 'nedwards', 'nedwards@portiq.com', 'hashed_pw_nedwards', '1997-09-07 00:00:00'),
(30, 'Randall', 'Rocha', 'rrocha', 'rrocha@portiq.com', 'hashed_pw_rrocha', '1992-10-08 00:00:00');

INSERT INTO Role (RoleID, name, user_id)
VALUES
(101, 'Quantitative Trader', 1),
(102, 'Data Analyst', 2),
(103, 'Chief Information Officer', 3),
(104, 'Beginner Investor', 4),
(105, 'Beginner Investor', 5),
(106, 'Beginner Investor', 6),
(107, 'Chief Information Officer', 7),
(108, 'Chief Information Officer', 8),
(109, 'Quantitative Trader', 9),
(110, 'Chief Information Officer', 10),
(111, 'Chief Information Officer', 11),
(112, 'Chief Information Officer', 12),
(113, 'Beginner Investor', 13),
(114, 'Beginner Investor', 14),
(115, 'Chief Information Officer', 15),
(116, 'Beginner Investor', 16),
(117, 'Quantitative Trader', 17),
(118, 'Beginner Investor', 18),
(119, 'Quantitative Trader', 19),
(120, 'Data Analyst', 20),
(121, 'Chief Information Officer', 21),
(122, 'Beginner Investor', 22),
(123, 'Quantitative Trader', 23),
(124, 'Data Analyst', 24),
(125, 'Data Analyst', 25),
(126, 'Beginner Investor', 26),
(127, 'Beginner Investor', 27),
(128, 'Data Analyst', 28),
(129, 'Chief Information Officer', 29),
(130, 'Chief Information Officer', 30);

INSERT INTO Permission (Can_Read, Can_Write, Can_CREATE, table_id, permission_id, role_id)
VALUES
(TRUE, TRUE, TRUE, 1, 1101, 101),
(TRUE, TRUE, TRUE, 2, 1102, 102),
(TRUE, TRUE, TRUE, 3, 1103, 103),
(TRUE, FALSE, FALSE, 4, 1104, 104),
(TRUE, FALSE, FALSE, 4, 1105, 105),
(TRUE, FALSE, FALSE, 4, 1106, 106),
(TRUE, TRUE, TRUE, 3, 1107, 107),
(TRUE, TRUE, TRUE, 3, 1108, 108),
(TRUE, TRUE, TRUE, 1, 1109, 109),
(TRUE, TRUE, TRUE, 3, 1110, 110),
(TRUE, TRUE, TRUE, 3, 1111, 111),
(TRUE, TRUE, TRUE, 3, 1112, 112),
(TRUE, FALSE, FALSE, 4, 1113, 113),
(TRUE, FALSE, FALSE, 4, 1114, 114),
(TRUE, TRUE, TRUE, 3, 1115, 115),
(TRUE, FALSE, FALSE, 4, 1116, 116),
(TRUE, TRUE, TRUE, 1, 1117, 117),
(TRUE, FALSE, FALSE, 4, 1118, 118),
(TRUE, TRUE, TRUE, 1, 1119, 119),
(TRUE, TRUE, TRUE, 2, 1120, 120),
(TRUE, TRUE, TRUE, 3, 1121, 121),
(TRUE, FALSE, FALSE, 4, 1122, 122),
(TRUE, TRUE, TRUE, 1, 1123, 123),
(TRUE, TRUE, TRUE, 2, 1124, 124),
(TRUE, TRUE, TRUE, 2, 1125, 125),
(TRUE, FALSE, FALSE, 4, 1126, 126),
(TRUE, FALSE, FALSE, 4, 1127, 127),
(TRUE, TRUE, TRUE, 2, 1128, 128),
(TRUE, TRUE, TRUE, 3, 1129, 129),
(TRUE, TRUE, TRUE, 3, 1130, 130);

INSERT INTO Customer (customer_id, name, role_id)
VALUES
(2001, 'Andrew Rock', 101),
(2002, 'John Data', 102),
(2003, 'Katrina Williams', 103),
(2004, 'Jane Doe', 104),
(2005, 'Danielle Johnson', 105),
(2006, 'Jeffrey Doyle', 106),
(2007, 'Patricia Miller', 107),
(2008, 'Anthony Robinson', 108),
(2009, 'Anthony Gonzalez', 109),
(2010, 'Amy Robinson', 110),
(2011, 'Lisa Smith', 111),
(2012, 'Helen Peterson', 112),
(2013, 'Susan Rogers', 113),
(2014, 'Colin Abbott', 114),
(2015, 'Lindsay Blair', 115),
(2016, 'Teresa Gray', 116),
(2017, 'Maria Montgomery', 117),
(2018, 'Barbara Bush', 118);

INSERT INTO Action (action_id, action_type, date, user_id)
VALUES
(3001, 'Uploaded trade log', '2026-03-28 01:20:53', 13),
(3002, 'Loaded dashboard', '2026-03-27 12:12:22', 12),
(3003, 'Adjusted strategy parameter', '2026-04-05 22:49:10', 12),
(3004, 'Loaded dashboard', '2026-03-27 23:48:30', 9),
(3005, 'Reviewed benchmark comparison', '2026-04-06 15:32:10', 2),
(3006, 'Adjusted strategy parameter', '2026-04-16 01:04:00', 15),
(3007, 'Viewed market summary', '2026-04-01 02:12:10', 4),
(3008, 'Adjusted strategy parameter', '2026-03-26 16:32:43', 3),
(3009, 'Loaded dashboard', '2026-04-19 00:51:41', 10),
(3010, 'Adjusted strategy parameter', '2026-04-04 09:29:36', 21),
(3011, 'Loaded dashboard', '2026-03-22 20:05:21', 29),
(3012, 'Adjusted strategy parameter', '2026-03-21 12:33:29', 12),
(3013, 'Reviewed benchmark comparison', '2026-03-23 09:34:54', 7),
(3014, 'Uploaded trade log', '2026-04-07 22:23:44', 3),
(3015, 'Ran cleaning pipeline', '2026-04-12 20:55:53', 22),
(3016, 'Updated permissions', '2026-04-01 18:35:22', 25),
(3017, 'Loaded dashboard', '2026-03-22 00:22:27', 3),
(3018, 'Loaded dashboard', '2026-03-31 13:24:01', 8),
(3019, 'Viewed market summary', '2026-04-18 23:50:30', 4),
(3020, 'Viewed market summary', '2026-04-04 23:35:48', 9),
(3021, 'Loaded dashboard', '2026-04-18 05:48:39', 21),
(3022, 'Ran cleaning pipeline', '2026-04-14 22:23:44', 12),
(3023, 'Updated permissions', '2026-03-20 10:54:02', 12),
(3024, 'Reviewed benchmark comparison', '2026-04-10 17:33:14', 7),
(3025, 'Reviewed benchmark comparison', '2026-04-09 13:27:57', 9),
(3026, 'Reviewed benchmark comparison', '2026-04-05 05:15:11', 30),
(3027, 'Uploaded trade log', '2026-03-28 02:44:54', 21),
(3028, 'Reviewed benchmark comparison', '2026-04-08 08:07:36', 20),
(3029, 'Adjusted strategy parameter', '2026-03-23 10:57:07', 6),
(3030, 'Ran cleaning pipeline', '2026-04-02 03:39:55', 24),
(3031, 'Viewed market summary', '2026-04-02 17:18:55', 6),
(3032, 'Updated permissions', '2026-04-17 17:22:54', 13),
(3033, 'Reviewed benchmark comparison', '2026-04-15 09:14:54', 30),
(3034, 'Adjusted strategy parameter', '2026-03-28 00:16:28', 23),
(3035, 'Reviewed benchmark comparison', '2026-04-04 03:03:23', 8),
(3036, 'Loaded dashboard', '2026-03-25 11:15:49', 11),
(3037, 'Loaded dashboard', '2026-04-16 11:43:35', 25),
(3038, 'Ran cleaning pipeline', '2026-04-15 05:24:28', 2),
(3039, 'Uploaded trade log', '2026-03-29 01:30:52', 27),
(3040, 'Updated permissions', '2026-04-08 06:40:41', 26),
(3041, 'Updated permissions', '2026-04-07 09:05:34', 13),
(3042, 'Ran cleaning pipeline', '2026-03-24 16:40:43', 3),
(3043, 'Adjusted strategy parameter', '2026-04-11 23:38:31', 30),
(3044, 'Reviewed benchmark comparison', '2026-04-05 06:59:14', 29),
(3045, 'Ran cleaning pipeline', '2026-04-12 11:14:43', 11);

INSERT INTO DailySummary (summaryId, generated_at, summary_date, summary, user_id)
VALUES
(4001, '2026-04-14 09:55:09', '2026-04-14 00:00:00', 'Out major born guy world southern dream.', 1),
(4002, '2026-04-11 12:26:37', '2026-04-11 00:00:00', 'Water beat magazine attorney set she campaign little near enter their institution deep much role.', 2),
(4003, '2026-04-11 02:54:38', '2026-04-11 00:00:00', 'Human public health tonight later easy ask again network open according.', 3),
(4004, '2026-04-16 04:30:58', '2026-04-16 00:00:00', 'Director town teacher audience draw protect Democrat car.', 4),
(4005, '2026-04-18 11:09:28', '2026-04-18 00:00:00', 'Office drug list imagine behind probably great in tell approach president position art rock song.', 5),
(4006, '2026-04-10 04:51:32', '2026-04-10 00:00:00', 'Couple large instead everything economic type kitchen technology nearly anything.', 6),
(4007, '2026-04-19 02:27:44', '2026-04-19 00:00:00', 'Why unit support coach magazine degree husband.', 7),
(4008, '2026-04-09 16:42:24', '2026-04-09 00:00:00', 'Able hospital unit size expect recent room situation product main couple design.', 8),
(4009, '2026-04-09 16:40:13', '2026-04-09 00:00:00', 'Article finish anyone live try most arm meet surface attention attack technology identify walk now.', 9),
(4010, '2026-04-14 21:34:30', '2026-04-14 00:00:00', 'People information on mission various daughter respond.', 10),
(4011, '2026-04-11 11:55:08', '2026-04-11 00:00:00', 'Capital population lead upon very act perform none beyond Mrs media car give.', 11),
(4012, '2026-04-09 19:08:39', '2026-04-09 00:00:00', 'Hard citizen street region particularly would pressure account stage federal.', 12),
(4013, '2026-04-15 17:50:51', '2026-04-15 00:00:00', 'Enough threat score choice example decision garden reach table.', 13),
(4014, '2026-04-14 03:55:57', '2026-04-14 00:00:00', 'Town suffer begin interest everybody about side PM energy scientist necessary.', 14),
(4015, '2026-04-13 09:16:45', '2026-04-13 00:00:00', 'Born war real chance along hard need.', 15),
(4016, '2026-04-13 09:46:59', '2026-04-13 00:00:00', 'Final together someone team together decide economic.', 16),
(4017, '2026-04-10 03:18:17', '2026-04-10 00:00:00', 'This image per choice upon ten wish specific thing agent say forward us soon ten.', 17),
(4018, '2026-04-17 05:12:51', '2026-04-17 00:00:00', 'City red him although likely current truth glass star the development.', 18),
(4019, '2026-04-15 17:02:32', '2026-04-15 00:00:00', 'Foreign ten whom evidence political hundred wonder movie voice boy wife condition while.', 19),
(4020, '2026-04-11 18:20:46', '2026-04-11 00:00:00', 'Others generation skill job worker break tonight couple.', 20),
(4021, '2026-04-09 13:17:13', '2026-04-09 00:00:00', 'Ability understand Mrs rest score provide hair attorney professional form finish summer rest.', 21),
(4022, '2026-04-12 02:42:42', '2026-04-12 00:00:00', 'Project for recent never court professor here security community notice image.', 22),
(4023, '2026-04-17 10:43:42', '2026-04-17 00:00:00', 'Expert involve oil pressure let kind degree list top somebody college.', 23),
(4024, '2026-04-09 22:59:07', '2026-04-09 00:00:00', 'Professional people behavior weight dog financial southern challenge animal worker particularly shoulder lay though offer.', 24),
(4025, '2026-04-16 07:02:14', '2026-04-16 00:00:00', 'Manager during prevent accept seem show blood interesting compare when military anyone eat.', 25),
(4026, '2026-04-17 14:14:06', '2026-04-17 00:00:00', 'Card let most next fish sense kind spring throughout interview trade knowledge city technology.', 26),
(4027, '2026-04-13 14:39:04', '2026-04-13 00:00:00', 'Style everyone sing machine dream key require doctor from throw.', 27),
(4028, '2026-04-09 21:58:23', '2026-04-09 00:00:00', 'Discuss really relationship ask imagine my indeed deal information.', 28),
(4029, '2026-04-18 03:47:44', '2026-04-18 00:00:00', 'Watch affect thing offer local wall fear hope through structure Mrs same son today major event.', 29),
(4030, '2026-04-13 23:11:18', '2026-04-13 00:00:00', 'From quickly identify close level camera performance agree hour north agree poor career.', 30);

INSERT INTO ChatSession (session_id, status, messages, user_id)
VALUES
(5001, 'closed', 'What is my current drawdown?', 21),
(5002, 'closed', 'Show me current portfolio P&L.', 29),
(5003, 'active', 'Show me current portfolio P&L.', 9),
(5004, 'closed', 'Load latest trading logs.', 24),
(5005, 'closed', 'Compare my strategy to QQQ.', 14),
(5006, 'active', 'Load latest trading logs.', 8),
(5007, 'active', 'What moved my portfolio today?', 16),
(5008, 'active', 'Show me current portfolio P&L.', 28),
(5009, 'active', 'What is my current drawdown?', 21),
(5010, 'active', 'What is my current drawdown?', 20),
(5011, 'closed', 'Load latest trading logs.', 13),
(5012, 'active', 'What moved my portfolio today?', 9),
(5013, 'closed', 'Compare my strategy to QQQ.', 22),
(5014, 'closed', 'What is my current drawdown?', 4),
(5015, 'closed', 'What moved my portfolio today?', 6),
(5016, 'closed', 'Load latest trading logs.', 24),
(5017, 'active', 'Load latest trading logs.', 25),
(5018, 'active', 'Compare my strategy to QQQ.', 30),
(5019, 'active', 'Show me current portfolio P&L.', 27),
(5020, 'active', 'Load latest trading logs.', 12);

INSERT INTO Dataset (dataset_id, name, type, user_id)
VALUES
(1001, 'Risk Metrics Feed 1001', 'Warehouse Feed', 13),
(1002, 'Allocation Snapshot 1002', 'CSV', 6),
(1003, 'Jane Beginner Feed 1003', 'CSV', 10),
(1004, 'Raw Trading Data 1004', 'Parquet', 13),
(1005, 'Jane Beginner Feed 1005', 'Parquet', 6),
(1006, 'Raw Trading Data 1006', 'CSV', 18),
(1007, 'Raw Trading Data 1007', 'Processed Table', 2),
(1008, 'Raw Trading Data 1008', 'Dashboard Source', 2),
(1009, 'Jane Beginner Feed 1009', 'Dashboard Source', 18),
(1010, 'Allocation Snapshot 1010', 'Processed Table', 13),
(1011, 'Portfolio Dashboard Feed 1011', 'Parquet', 13),
(1012, 'Allocation Snapshot 1012', 'Processed Table', 21),
(1013, 'Allocation Snapshot 1013', 'Warehouse Feed', 6),
(1014, 'Cleaned Trading Data 1014', 'CSV', 18),
(1015, 'Execution Logs 1015', 'Dashboard Source', 11),
(1016, 'Execution Logs 1016', 'Warehouse Feed', 21),
(1017, 'Raw Trading Data 1017', 'CSV', 2),
(1018, 'Execution Logs 1018', 'Dashboard Source', 21),
(1019, 'Cleaned Trading Data 1019', 'Processed Table', 6),
(1020, 'Jane Beginner Feed 1020', 'Parquet', 11),
(1021, 'Portfolio Dashboard Feed 1021', 'Warehouse Feed', 6),
(1022, 'Benchmark Feed 1022', 'Warehouse Feed', 6),
(1023, 'Cleaned Trading Data 1023', 'Warehouse Feed', 21),
(1024, 'Cleaned Trading Data 1024', 'CSV', 18),
(1025, 'Raw Trading Data 1025', 'CSV', 21),
(1026, 'Jane Beginner Feed 1026', 'Processed Table', 11),
(1027, 'Allocation Snapshot 1027', 'Warehouse Feed', 6),
(1028, 'Execution Logs 1028', 'CSV', 6),
(1029, 'Execution Logs 1029', 'CSV', 11),
(1030, 'Benchmark Feed 1030', 'Warehouse Feed', 10);

INSERT INTO DataCleaningMethod (method_id, method_order, parameter, method_type, CleaningDataSet)
VALUES
(6001, 1, 'trim_whitespace=true', 'Ticker Standardization', 1001),
(6002, 2, 'normalize_numeric_fields=true', 'Ticker Standardization', 1001),
(6003, 1, 'winsorize_outliers=0.01', 'Null Removal', 1002),
(6004, 2, 'remove_nulls=true', 'Formatting', 1002),
(6005, 3, 'remove_nulls=true', 'Duplicate Removal', 1002),
(6006, 1, 'trim_whitespace=true', 'Normalization', 1003),
(6007, 2, 'drop_duplicates=true', 'Ticker Standardization', 1003),
(6008, 3, 'standardize_ticker_format=true', 'Duplicate Removal', 1003),
(6009, 1, 'normalize_numeric_fields=true', 'Outlier Handling', 1004),
(6010, 2, 'normalize_numeric_fields=true', 'Normalization', 1004),
(6011, 1, 'drop_duplicates=true', 'Normalization', 1005),
(6012, 2, 'drop_duplicates=true', 'Null Removal', 1005),
(6013, 1, 'normalize_numeric_fields=true', 'Duplicate Removal', 1006),
(6014, 2, 'trim_whitespace=true', 'Null Removal', 1006),
(6015, 1, 'drop_duplicates=true', 'Normalization', 1007),
(6016, 2, 'remove_nulls=true', 'Normalization', 1007),
(6017, 1, 'drop_duplicates=true', 'Normalization', 1008),
(6018, 2, 'drop_duplicates=true', 'Outlier Handling', 1008),
(6019, 3, 'trim_whitespace=true', 'Normalization', 1008),
(6020, 1, 'normalize_numeric_fields=true', 'Formatting', 1009),
(6021, 2, 'standardize_ticker_format=true', 'Null Removal', 1009),
(6022, 3, 'trim_whitespace=true', 'Ticker Standardization', 1009),
(6023, 1, 'remove_nulls=true', 'Formatting', 1010),
(6024, 2, 'winsorize_outliers=0.01', 'Null Removal', 1010),
(6025, 1, 'trim_whitespace=true', 'Formatting', 1011),
(6026, 2, 'winsorize_outliers=0.01', 'Formatting', 1011),
(6027, 3, 'drop_duplicates=true', 'Duplicate Removal', 1011),
(6028, 1, 'normalize_numeric_fields=true', 'Normalization', 1012),
(6029, 2, 'drop_duplicates=true', 'Duplicate Removal', 1012),
(6030, 1, 'remove_nulls=true', 'Normalization', 1013),
(6031, 2, 'standardize_ticker_format=true', 'Null Removal', 1013),
(6032, 3, 'standardize_ticker_format=true', 'Duplicate Removal', 1013),
(6033, 1, 'standardize_ticker_format=true', 'Formatting', 1014),
(6034, 2, 'remove_nulls=true', 'Outlier Handling', 1014),
(6035, 1, 'trim_whitespace=true', 'Formatting', 1015),
(6036, 2, 'normalize_numeric_fields=true', 'Ticker Standardization', 1015),
(6037, 3, 'normalize_numeric_fields=true', 'Duplicate Removal', 1015),
(6038, 1, 'normalize_numeric_fields=true', 'Formatting', 1016),
(6039, 2, 'trim_whitespace=true', 'Duplicate Removal', 1016),
(6040, 3, 'remove_nulls=true', 'Formatting', 1016),
(6041, 1, 'drop_duplicates=true', 'Ticker Standardization', 1017),
(6042, 2, 'normalize_numeric_fields=true', 'Null Removal', 1017),
(6043, 1, 'standardize_ticker_format=true', 'Normalization', 1018),
(6044, 2, 'remove_nulls=true', 'Ticker Standardization', 1018),
(6045, 1, 'remove_nulls=true', 'Ticker Standardization', 1019),
(6046, 2, 'trim_whitespace=true', 'Formatting', 1019),
(6047, 1, 'winsorize_outliers=0.01', 'Formatting', 1020),
(6048, 2, 'drop_duplicates=true', 'Duplicate Removal', 1020),
(6049, 3, 'trim_whitespace=true', 'Outlier Handling', 1020),
(6050, 1, 'drop_duplicates=true', 'Duplicate Removal', 1021),
(6051, 2, 'standardize_ticker_format=true', 'Null Removal', 1021),
(6052, 1, 'standardize_ticker_format=true', 'Null Removal', 1022),
(6053, 2, 'trim_whitespace=true', 'Outlier Handling', 1022),
(6054, 3, 'normalize_numeric_fields=true', 'Ticker Standardization', 1022),
(6055, 1, 'normalize_numeric_fields=true', 'Duplicate Removal', 1023),
(6056, 2, 'drop_duplicates=true', 'Duplicate Removal', 1023),
(6057, 1, 'remove_nulls=true', 'Normalization', 1024),
(6058, 2, 'drop_duplicates=true', 'Formatting', 1024),
(6059, 3, 'normalize_numeric_fields=true', 'Normalization', 1024),
(6060, 1, 'winsorize_outliers=0.01', 'Null Removal', 1025),
(6061, 2, 'drop_duplicates=true', 'Formatting', 1025),
(6062, 1, 'drop_duplicates=true', 'Formatting', 1026),
(6063, 2, 'remove_nulls=true', 'Ticker Standardization', 1026),
(6064, 1, 'trim_whitespace=true', 'Duplicate Removal', 1027),
(6065, 2, 'standardize_ticker_format=true', 'Normalization', 1027),
(6066, 1, 'normalize_numeric_fields=true', 'Ticker Standardization', 1028),
(6067, 2, 'remove_nulls=true', 'Null Removal', 1028),
(6068, 1, 'remove_nulls=true', 'Outlier Handling', 1029),
(6069, 2, 'drop_duplicates=true', 'Null Removal', 1029),
(6070, 1, 'standardize_ticker_format=true', 'Outlier Handling', 1030),
(6071, 2, 'trim_whitespace=true', 'Ticker Standardization', 1030),
(6072, 3, 'remove_nulls=true', 'Formatting', 1030);

INSERT INTO Visualization (visualization_id, title, chart_type, VizDataSet)
VALUES
(7001, 'PnL Summary 7001', 'Line Chart', 1006),
(7002, 'Performance Trend 7002', 'Area Chart', 1013),
(7003, 'Asset Allocation 7003', 'Area Chart', 1008),
(7004, 'Risk Overview 7004', 'Bar Chart', 1012),
(7005, 'Performance Trend 7005', 'Heatmap', 1008),
(7006, 'Dataset Quality 7006', 'Pie Chart', 1007),
(7007, 'Performance Trend 7007', 'Pie Chart', 1009),
(7008, 'PnL Summary 7008', 'Scatter Plot', 1012),
(7009, 'PnL Summary 7009', 'Scatter Plot', 1013),
(7010, 'Performance Trend 7010', 'Line Chart', 1011),
(7011, 'Risk Overview 7011', 'Bar Chart', 1029),
(7012, 'Risk Overview 7012', 'Line Chart', 1019),
(7013, 'Benchmark Comparison 7013', 'Area Chart', 1004),
(7014, 'PnL Summary 7014', 'Pie Chart', 1012),
(7015, 'Benchmark Comparison 7015', 'Scatter Plot', 1014),
(7016, 'Dataset Quality 7016', 'Scatter Plot', 1004),
(7017, 'Risk Overview 7017', 'Line Chart', 1007),
(7018, 'Dataset Quality 7018', 'Line Chart', 1023),
(7019, 'Benchmark Comparison 7019', 'Heatmap', 1017),
(7020, 'PnL Summary 7020', 'Heatmap', 1024),
(7021, 'Asset Allocation 7021', 'Pie Chart', 1022),
(7022, 'Performance Trend 7022', 'Heatmap', 1014),
(7023, 'Risk Overview 7023', 'Scatter Plot', 1030),
(7024, 'PnL Summary 7024', 'Line Chart', 1011),
(7025, 'Risk Overview 7025', 'Scatter Plot', 1024),
(7026, 'PnL Summary 7026', 'Area Chart', 1010),
(7027, 'Dataset Quality 7027', 'Heatmap', 1011),
(7028, 'Benchmark Comparison 7028', 'Bar Chart', 1010),
(7029, 'Dataset Quality 7029', 'Heatmap', 1007),
(7030, 'PnL Summary 7030', 'Heatmap', 1013);

INSERT INTO DashBoard (dashboard_id, title, visibility, VizDash)
VALUES
(8001, 'Allocation View 8001', TRUE, 7001),
(8002, 'Risk Dashboard 8002', TRUE, 7002),
(8003, 'Risk Dashboard 8003', TRUE, 7003),
(8004, 'Admin Dashboard 8004', TRUE, 7004),
(8005, 'Beginner Dashboard 8005', TRUE, 7005),
(8006, 'Risk Dashboard 8006', TRUE, 7006),
(8007, 'Trader Dashboard 8007', TRUE, 7007),
(8008, 'Admin Dashboard 8008', TRUE, 7008),
(8009, 'Admin Dashboard 8009', TRUE, 7009),
(8010, 'Allocation View 8010', TRUE, 7010),
(8011, 'Beginner Dashboard 8011', TRUE, 7011),
(8012, 'Risk Dashboard 8012', TRUE, 7012),
(8013, 'Risk Dashboard 8013', TRUE, 7013),
(8014, 'Admin Dashboard 8014', TRUE, 7014),
(8015, 'Beginner Dashboard 8015', TRUE, 7015),
(8016, 'Beginner Dashboard 8016', TRUE, 7016),
(8017, 'Beginner Dashboard 8017', TRUE, 7017),
(8018, 'Allocation View 8018', TRUE, 7018),
(8019, 'Risk Dashboard 8019', TRUE, 7019),
(8020, 'Beginner Dashboard 8020', TRUE, 7020),
(8021, 'Allocation View 8021', TRUE, 7021),
(8022, 'Trader Dashboard 8022', TRUE, 7022),
(8023, 'Admin Dashboard 8023', TRUE, 7023),
(8024, 'Risk Dashboard 8024', TRUE, 7024),
(8025, 'Risk Dashboard 8025', TRUE, 7025),
(8026, 'Admin Dashboard 8026', TRUE, 7026),
(8027, 'Trader Dashboard 8027', TRUE, 7027),
(8028, 'Allocation View 8028', TRUE, 7028),
(8029, 'Admin Dashboard 8029', TRUE, 7029),
(8030, 'Allocation View 8030', TRUE, 7030);

INSERT INTO DashboardLayout (layout_id, name, source, layout_dash)
VALUES
(9001, 'Figma Builder Layout 9001', 'Figma', 8001),
(9002, 'Figma Builder Layout 9002', 'Figma', 8002),
(9003, 'Figma Main Layout 9003', 'Figma', 8003),
(9004, 'Figma Main Layout 9004', 'Figma', 8004),
(9005, 'Figma Builder Layout 9005', 'Figma', 8005),
(9006, 'Portfolio Layout 9006', 'Figma', 8006),
(9007, 'Figma Main Layout 9007', 'Figma', 8007),
(9008, 'Portfolio Layout 9008', 'Figma', 8008),
(9009, 'Portfolio Layout 9009', 'Figma', 8009),
(9010, 'Figma Builder Layout 9010', 'Figma', 8010),
(9011, 'Portfolio Layout 9011', 'Figma', 8011),
(9012, 'Portfolio Layout 9012', 'Figma', 8012),
(9013, 'Portfolio Layout 9013', 'Figma', 8013),
(9014, 'Figma Builder Layout 9014', 'Figma', 8014),
(9015, 'Figma Builder Layout 9015', 'Figma', 8015),
(9016, 'Figma Main Layout 9016', 'Figma', 8016),
(9017, 'Figma Main Layout 9017', 'Figma', 8017),
(9018, 'Portfolio Layout 9018', 'Figma', 8018),
(9019, 'Figma Builder Layout 9019', 'Figma', 8019),
(9020, 'Figma Builder Layout 9020', 'Figma', 8020),
(9021, 'Portfolio Layout 9021', 'Figma', 8021),
(9022, 'Figma Main Layout 9022', 'Figma', 8022),
(9023, 'Figma Builder Layout 9023', 'Figma', 8023),
(9024, 'Figma Main Layout 9024', 'Figma', 8024),
(9025, 'Portfolio Layout 9025', 'Figma', 8025),
(9026, 'Figma Builder Layout 9026', 'Figma', 8026),
(9027, 'Portfolio Layout 9027', 'Figma', 8027),
(9028, 'Guided Layout 9028', 'Figma', 8028),
(9029, 'Portfolio Layout 9029', 'Figma', 8029),
(9030, 'Portfolio Layout 9030', 'Figma', 8030);

INSERT INTO Portfolio (portfolio_id, portfolio_name, created_at, total_value, confidence, currency, user_id)
VALUES
(101, 'Andrew Main Portfolio', '2026-01-01 09:00:00', 1487520, 'High', 'USD', 1),
(102, 'Jane Beginner Portfolio', '2026-02-01 10:00:00', 245800, 'Medium', 'USD', 4),
(103, 'Murray Balanced Portfolio', '2024-05-23 20:28:32', 1920297, 'High', 'USD', 27),
(104, 'Gray Core Portfolio', '2024-09-13 21:26:43', 1937729, 'Medium', 'USD', 24),
(105, 'Murphy Income Portfolio', '2025-10-03 20:32:34', 1213128, 'Low', 'USD', 25),
(106, 'Gray Tactical Portfolio', '2025-09-27 09:32:33', 1053469, 'Medium', 'USD', 16),
(107, 'Decker Growth Portfolio', '2024-10-12 08:10:56', 1248430, 'High', 'USD', 15),
(108, 'Miller Alpha Portfolio', '2024-05-02 04:58:37', 1390959, 'Low', 'USD', 9),
(109, 'Ryan Income Portfolio', '2026-03-20 01:05:05', 682629, 'High', 'USD', 3),
(110, 'Bell Tactical Portfolio', '2025-07-18 01:01:29', 690911, 'Low', 'USD', 13),
(111, 'Harrington Growth Portfolio', '2025-07-19 04:06:03', 1790082, 'Medium', 'USD', 7),
(112, 'Webster Balanced Portfolio', '2026-02-12 19:31:51', 2004228, 'Medium', 'USD', 11),
(113, 'Gonzalez Income Portfolio', '2024-05-02 21:44:00', 1812209, 'Medium', 'USD', 2),
(114, 'Hernandez Balanced Portfolio', '2024-07-16 01:04:51', 131922, 'Low', 'USD', 29),
(115, 'Caldwell Core Portfolio', '2025-05-18 16:18:01', 74729, 'Medium', 'USD', 13),
(116, 'Robinson Core Portfolio', '2025-08-21 14:11:01', 1807502, 'Low', 'USD', 10),
(117, 'Wang Tactical Portfolio', '2024-08-14 03:54:17', 2340644, 'Low', 'USD', 24),
(118, 'Lawson Income Portfolio', '2025-09-24 12:52:53', 2097782, 'High', 'USD', 29),
(119, 'Wilson Core Portfolio', '2025-11-13 12:48:45', 2086930, 'High', 'USD', 9),
(120, 'Oconnell Alpha Portfolio', '2024-07-03 08:25:07', 1745827, 'Low', 'USD', 13),
(121, 'Johnson Core Portfolio', '2024-11-23 03:35:23', 585309, 'Low', 'USD', 6),
(122, 'Byrd Growth Portfolio', '2026-02-18 19:27:22', 1702640, 'Low', 'USD', 18),
(123, 'Sanders Tactical Portfolio', '2025-09-01 11:35:54', 163674, 'High', 'USD', 19),
(124, 'Jones Core Portfolio', '2025-08-15 09:23:33', 619164, 'Medium', 'USD', 21),
(125, 'Burton Growth Portfolio', '2024-06-29 00:13:49', 1141174, 'Medium', 'USD', 6),
(126, 'Barton Income Portfolio', '2025-12-05 05:50:10', 1957147, 'Medium', 'USD', 11),
(127, 'Burke Core Portfolio', '2024-07-12 10:14:02', 1217092, 'Medium', 'USD', 11),
(128, 'Riggs Growth Portfolio', '2025-10-18 20:24:15', 2022609, 'High', 'USD', 9),
(129, 'Reed Balanced Portfolio', '2025-02-12 16:47:59', 268462, 'Medium', 'USD', 24),
(130, 'Wood Tactical Portfolio', '2025-04-08 01:05:03', 337806, 'Low', 'USD', 8),
(131, 'Peterson Growth Portfolio', '2025-12-04 17:46:19', 1087181, 'High', 'USD', 2),
(132, 'Short Growth Portfolio', '2024-07-01 13:22:59', 689137, 'High', 'USD', 27),
(133, 'Yu Core Portfolio', '2025-07-07 20:15:58', 529784, 'Low', 'USD', 5),
(134, 'Poole Core Portfolio', '2025-08-27 02:02:52', 1124763, 'Medium', 'USD', 7),
(135, 'Graham Balanced Portfolio', '2025-09-14 15:19:43', 530385, 'High', 'USD', 6),
(136, 'Sheppard Growth Portfolio', '2024-10-24 19:36:36', 2477179, 'High', 'USD', 10);

INSERT INTO PortfolioSnapshot (snapshot_id, snapshot_date, insight_narrative, daily_change_pct, ttlv_value, SessionID, port_id)
VALUES
(11001, '2026-04-16 05:35:10', 'Simple let stay or focus early various everything late seek now property from management foot maintain great.', 1.72, 1487671.59, 71001, 101),
(11002, '2026-04-07 23:38:28', 'They red everybody act way beat result major serve real position make society.', 1.63, 245550.61, 71002, 102),
(11003, '2026-04-05 12:08:01', 'Identify during professional hard network gas you nearly goal law fill discover.', 1.77, 1919693.66, 71003, 103),
(11004, '2026-04-14 22:17:48', 'Build movie several continue describe machine right with modern executive beyond create dinner conference.', 0.37, 1938390.14, 71004, 104),
(11005, '2026-04-04 07:43:40', 'Call animal approach factor want point sell bill activity expect long future whole education technology box assume.', -1.03, 1213522.39, 71005, 105),
(11006, '2026-04-11 11:39:47', 'Picture approach chance none fight yes budget share paper so difficult mission late kind team wrong figure perform.', -0.79, 1053837.52, 71006, 106),
(11007, '2026-04-13 06:06:05', 'Way debate decision produce church community avoid able late order.', 1.22, 1249022.45, 71007, 107),
(11008, '2026-04-08 11:29:16', 'Explain executive teacher author do enough social operation sound cup boy different.', 0.26, 1390041.14, 71008, 108),
(11009, '2026-04-06 08:16:14', 'Step author coach film see notice eye buy read record wall matter management.', 0.13, 682952.04, 71009, 109),
(11010, '2026-04-05 07:35:36', 'Threat same page ago director purpose team onto again.', -1.72, 691206.09, 71010, 110),
(11011, '2026-04-15 13:56:53', 'Office several compare million kind everything young job sport why like impact fly.', -1.95, 1789922.12, 71011, 111),
(11012, '2026-04-05 16:17:25', 'Form really explain war spend nearly lawyer fire follow wife identify.', -0.04, 2004095.05, 71012, 112),
(11013, '2026-04-11 19:53:20', 'Price my including could gun series personal service.', -0.55, 1812992.15, 71013, 113),
(11014, '2026-04-07 03:54:55', 'Capital explain thing machine ahead picture son report financial add impact different success box water positive child usually.', -0.16, 131227.98, 71014, 114),
(11015, '2026-04-08 11:42:16', 'Indeed lot line lead certain course out second carry attorney significant take future.', -1.3, 74772.49, 71015, 115),
(11016, '2026-04-15 22:12:45', 'Star executive fear only your majority chance Mrs generation necessary myself lay focus.', 0.6, 1807733.82, 71016, 116),
(11017, '2026-04-06 22:32:57', 'Occur do simply analysis seat relate specific history professional star wonder manager.', 1.68, 2341193.28, 71017, 117),
(11018, '2026-04-04 15:57:41', 'Whole forward beyond suddenly between treat address century that wide avoid sit enter perhaps however bag forget.', -0.14, 2098433.47, 71018, 118),
(11019, '2026-04-14 05:24:11', 'Here first responsibility service their along attention piece TV young section its better plant their kitchen really.', 0.37, 2086574.61, 71019, 119),
(11020, '2026-04-17 15:52:01', 'Food argue grow issue each include radio conference company.', -1.02, 1746696.24, 71020, 120),
(11021, '2026-04-13 06:03:05', 'People drive tree central leave effect effort act source top quality citizen kid generation onto.', -0.88, 585210.6, 71021, 121),
(11022, '2026-04-13 16:39:08', 'Real lead few yourself table blood high grow fast recognize against stop how account ten.', 1.0, 1702779.7, 71022, 122),
(11023, '2026-04-15 18:49:35', 'Treat seat strategy total simply discover soon despite couple.', 0.67, 163346.79, 71023, 123),
(11024, '2026-04-07 20:51:36', 'Pick tough position final kid often run bed far section.', -0.02, 618814.03, 71024, 124),
(11025, '2026-04-06 17:51:53', 'Skill theory hand maybe evening clearly trial want whose far.', -0.05, 1140883.65, 71025, 125),
(11026, '2026-04-17 03:58:38', 'Life away senior difficult put purpose however suffer newspaper bed.', -0.97, 1956706.32, 71026, 126),
(11027, '2026-04-10 00:40:52', 'Mr lawyer pull public once state wait board doctor agent this no trip.', 0.38, 1217852.21, 71027, 127),
(11028, '2026-04-07 10:19:35', 'Play less red power bring animal also you break.', 0.22, 2022642.25, 71028, 128),
(11029, '2026-04-07 15:09:44', 'Career law provide sea watch industry score choice increase between majority impact week allow have kitchen wear.', -1.24, 267944.71, 71029, 129),
(11030, '2026-04-16 22:35:47', 'Wonder happen top population art every why we station begin.', -0.37, 337916.35, 71030, 130),
(11031, '2026-04-07 06:59:33', 'Wife anything four writer skin day stop never only spend do similar small other everyone worker would music sometimes.', -1.04, 1087133.19, 71031, 131),
(11032, '2026-04-05 18:12:28', 'Capital group small open administration enter camera inside.', 0.85, 689033.35, 71032, 132),
(11033, '2026-04-05 19:32:53', 'Live sing message board mean war analysis situation term.', -1.93, 529372.47, 71033, 133),
(11034, '2026-04-11 22:21:24', 'Poor all your suggest international blue Republican kitchen tonight focus chance call person one Republican herself.', -0.38, 1124249.61, 71034, 134),
(11035, '2026-04-13 01:41:43', 'Law painting between reduce table prepare shoulder result Democrat later direction fund law.', 0.66, 530123.04, 71035, 135),
(11036, '2026-04-10 08:23:26', 'Fine fine effort well rather listen before be it season.', 0.21, 2476866.51, 71036, 136);

INSERT INTO StockPosition (position_id, avg_cost, unrealized_PNL, price_target, acquired_date, market_value, qty_held, port_id)
VALUES
(12001, 265.01, 3799.13, 289.45, '2025-01-12 02:44:42', 53445.44, 200, 136),
(12002, 127.71, 19155.72, 142.66, '2024-07-21 09:00:30', 40878.41, 250, 121),
(12003, 229.72, 13362.29, 263.96, '2024-05-31 20:16:36', 88945.94, 300, 131),
(12004, 242.56, -4504.81, 300.03, '2026-03-08 20:36:29', 23571.41, 100, 113),
(12005, 683.29, 28043.14, 870.0, '2025-05-28 07:28:25', 173701.65, 250, 103),
(12006, 617.27, 11755.0, 721.74, '2025-08-14 08:39:43', 187724.6, 300, 107),
(12007, 661.69, -2712.98, 808.66, '2025-02-08 14:37:12', 125143.43, 200, 117),
(12008, 148.62, -2018.67, 168.96, '2026-01-08 01:06:49', 57054.49, 300, 104),
(12009, 444.11, 13290.04, 536.34, '2026-02-25 16:40:49', 131937.29, 300, 127),
(12010, 609.11, 16735.96, 769.53, '2025-02-17 08:20:07', 93390.46, 150, 120),
(12011, 665.93, 4262.61, 718.15, '2026-02-07 11:26:36', 38297.83, 50, 107),
(12012, 408.79, 10767.63, 514.19, '2024-05-25 16:41:43', 9208.71, 25, 112),
(12013, 200.46, 10891.1, 258.71, '2024-11-11 20:39:50', 17758.68, 75, 103),
(12014, 326.34, 214.63, 373.0, '2024-11-29 17:49:50', 80762.93, 250, 113),
(12015, 88.76, 23848.41, 121.82, '2024-07-02 06:31:32', 7575.78, 75, 105),
(12016, 354.65, 27993.67, 434.5, '2025-04-19 05:02:55', 31383.69, 75, 108),
(12017, 102.29, 20708.69, 129.02, '2024-08-08 02:38:03', 1284.53, 10, 129),
(12018, 198.8, 15131.97, 274.9, '2025-04-01 00:54:07', 122697.71, 500, 106),
(12019, 424.56, 17802.83, 581.91, '2025-12-20 01:47:03', 11550.16, 25, 118),
(12020, 462.61, 11450.36, 551.86, '2024-12-26 21:07:03', 119133.37, 200, 128),
(12021, 607.53, 12341.42, 778.8, '2025-05-24 09:47:24', 64681.17, 100, 107),
(12022, 73.85, 6314.58, 102.62, '2024-07-10 09:39:22', 1515.12, 20, 136),
(12023, 586.2, 13990.78, 700.3, '2024-11-05 07:58:56', 6817.88, 10, 133),
(12024, 285.16, 21599.67, 319.73, '2024-09-28 13:44:56', 65596.12, 200, 134),
(12025, 652.99, 11964.91, 692.24, '2025-02-21 19:07:13', 163552.92, 200, 109),
(12026, 511.36, 14328.8, 553.61, '2025-05-27 19:03:50', 42967.11, 75, 116),
(12027, 665.59, 12443.14, 865.81, '2025-10-23 13:11:21', 410288.74, 500, 130),
(12028, 320.07, 3530.58, 397.83, '2025-07-10 13:39:50', 82712.35, 200, 118),
(12029, 649.21, -222.21, 697.53, '2025-08-17 22:29:15', 194522.31, 250, 113),
(12030, 657.26, -4910.22, 857.14, '2025-05-24 17:59:27', 165443.69, 250, 122),
(12031, 612.42, 7079.34, 761.34, '2025-07-01 09:33:43', 136622.6, 200, 132),
(12032, 345.97, 29327.11, 392.19, '2025-08-05 14:00:58', 43171.54, 100, 125),
(12033, 606.41, 21064.68, 786.41, '2025-08-31 06:17:07', 83453.44, 150, 115),
(12034, 692.47, 12336.5, 736.07, '2024-05-09 11:45:32', 447448.93, 500, 125),
(12035, 615.31, 26865.46, 649.38, '2024-11-01 12:22:29', 115664.09, 200, 122),
(12036, 616.11, 22353.39, 704.06, '2025-10-19 22:20:01', 14323.5, 25, 127),
(12037, 472.39, 25076.98, 558.84, '2026-02-11 13:53:56', 58620.6, 100, 126),
(12038, 617.05, 3216.96, 795.71, '2024-12-27 12:50:34', 7077.46, 10, 132),
(12039, 535.4, 21612.94, 694.07, '2024-08-27 07:53:32', 103707.12, 150, 115),
(12040, 158.14, -3390.32, 210.11, '2024-07-30 20:09:01', 14960.47, 75, 129),
(12041, 293.65, 9421.81, 378.41, '2025-08-05 05:36:08', 7324.21, 25, 123),
(12042, 163.8, 16689.86, 185.8, '2024-06-07 18:21:07', 61343.22, 300, 111),
(12043, 200.92, 3936.43, 211.63, '2025-10-04 11:35:44', 100619.83, 500, 110),
(12044, 490.45, 28083.25, 684.51, '2026-03-19 19:11:31', 11397.38, 25, 119),
(12045, 498.7, 1972.59, 590.78, '2024-06-23 17:44:39', 123490.25, 200, 128),
(12046, 204.18, 5355.53, 264.36, '2025-05-05 19:57:59', 63923.67, 300, 107),
(12047, 228.41, 22240.91, 317.66, '2025-01-14 16:05:15', 85381.51, 300, 126),
(12048, 591.35, 3054.14, 786.9, '2025-03-11 11:20:22', 53678.16, 75, 132),
(12049, 453.58, 21861.48, 584.35, '2024-08-10 00:57:36', 272653.95, 500, 113),
(12050, 637.21, 22601.37, 676.51, '2024-11-29 03:47:53', 291768.59, 500, 107),
(12051, 108.59, 9542.61, 121.65, '2024-12-08 08:11:15', 8394.18, 75, 109),
(12052, 395.05, 3993.95, 528.83, '2026-02-25 21:28:47', 36508.22, 75, 124),
(12053, 535.26, 11391.6, 576.13, '2025-06-22 04:43:47', 65392.34, 100, 119),
(12054, 678.73, 22673.87, 715.97, '2026-01-15 01:26:36', 177540.5, 250, 126),
(12055, 345.61, 4175.65, 408.98, '2024-08-08 17:19:38', 207297.68, 500, 108),
(12056, 120.42, 16684.14, 166.19, '2025-10-14 04:27:27', 6554.4, 50, 124),
(12057, 470.97, 26828.57, 544.33, '2024-05-24 11:35:00', 289538.73, 500, 115),
(12058, 140.86, 12241.86, 152.69, '2024-06-16 09:46:59', 1439.23, 10, 108),
(12059, 302.62, 21009.9, 417.95, '2025-03-03 21:12:40', 35351.9, 100, 109),
(12060, 625.52, 12127.15, 746.15, '2025-02-18 02:58:27', 293872.0, 500, 110),
(12061, 498.68, 28269.43, 672.92, '2025-06-30 00:22:52', 26862.73, 50, 103),
(12062, 403.9, 8934.89, 450.93, '2025-02-11 00:58:50', 210728.67, 500, 124),
(12063, 109.59, 15900.11, 115.89, '2024-09-20 22:37:46', 6338.04, 50, 130),
(12064, 692.73, 24043.62, 861.74, '2025-04-22 18:21:39', 204095.35, 300, 116),
(12065, 578.48, 164.4, 789.73, '2024-12-23 07:40:40', 29832.9, 50, 114),
(12066, 607.96, 13907.54, 808.27, '2024-07-07 12:34:01', 19682.87, 25, 118),
(12067, 135.67, 3327.61, 157.83, '2025-08-20 06:31:57', 16497.39, 100, 102),
(12068, 84.06, 21098.28, 102.27, '2025-06-19 23:18:25', 14001.46, 150, 117),
(12069, 435.88, 28089.55, 464.29, '2025-05-03 06:36:21', 96027.46, 200, 133),
(12070, 246.06, -2871.11, 299.61, '2024-11-26 20:09:16', 158168.66, 500, 134),
(12071, 495.96, 10524.68, 676.86, '2024-09-24 12:12:48', 117538.6, 200, 128),
(12072, 92.69, 15487.76, 120.43, '2026-03-28 21:40:34', 7992.61, 75, 110);

INSERT INTO Asset (asset_id, asset_type, ticker, total_market, asset_name, exchange, pos_id)
VALUES
(13001, 'Equity', 'AMZN', 1900000000000, 'Amazon.com Inc.', 'NASDAQ', 12001),
(13002, 'ETF', 'XLF', 45000000000, 'Financial Select Sector SPDR Fund', 'NYSE Arca', 12002),
(13003, 'Equity', 'MSFT', 3100000000000, 'Microsoft Corporation', 'NASDAQ', 12003),
(13004, 'Equity', 'META', 1200000000000, 'Meta Platforms Inc.', 'NASDAQ', 12004),
(13005, 'ETF', 'QQQ', 300000000000, 'Invesco QQQ Trust', 'NASDAQ', 12005),
(13006, 'Equity', 'AAPL', 2800000000000, 'Apple Inc.', 'NASDAQ', 12006),
(13007, 'Equity', 'JPM', 600000000000, 'JPMorgan Chase & Co.', 'NYSE', 12007),
(13008, 'Equity', 'TSLA', 800000000000, 'Tesla Inc.', 'NASDAQ', 12008),
(13009, 'ETF', 'QQQ', 300000000000, 'Invesco QQQ Trust', 'NASDAQ', 12009),
(13010, 'ETF', 'XLF', 45000000000, 'Financial Select Sector SPDR Fund', 'NYSE Arca', 12010),
(13011, 'Equity', 'AMZN', 1900000000000, 'Amazon.com Inc.', 'NASDAQ', 12011),
(13012, 'Equity', 'META', 1200000000000, 'Meta Platforms Inc.', 'NASDAQ', 12012),
(13013, 'Equity', 'META', 1200000000000, 'Meta Platforms Inc.', 'NASDAQ', 12013),
(13014, 'Equity', 'NVDA', 2200000000000, 'NVIDIA Corporation', 'NASDAQ', 12014),
(13015, 'ETF', 'QQQ', 300000000000, 'Invesco QQQ Trust', 'NASDAQ', 12015),
(13016, 'ETF', 'QQQ', 300000000000, 'Invesco QQQ Trust', 'NASDAQ', 12016),
(13017, 'Equity', 'AAPL', 2800000000000, 'Apple Inc.', 'NASDAQ', 12017),
(13018, 'Equity', 'V', 550000000000, 'Visa Inc.', 'NYSE', 12018),
(13019, 'Equity', 'NVDA', 2200000000000, 'NVIDIA Corporation', 'NASDAQ', 12019),
(13020, 'Equity', 'GOOGL', 1800000000000, 'Alphabet Inc.', 'NASDAQ', 12020),
(13021, 'ETF', 'SPY', 550000000000, 'SPDR S&P 500 ETF Trust', 'NYSE Arca', 12021),
(13022, 'ETF', 'SPY', 550000000000, 'SPDR S&P 500 ETF Trust', 'NYSE Arca', 12022),
(13023, 'Equity', 'AMZN', 1900000000000, 'Amazon.com Inc.', 'NASDAQ', 12023),
(13024, 'Equity', 'TSLA', 800000000000, 'Tesla Inc.', 'NASDAQ', 12024),
(13025, 'Equity', 'V', 550000000000, 'Visa Inc.', 'NYSE', 12025),
(13026, 'Equity', 'MSFT', 3100000000000, 'Microsoft Corporation', 'NASDAQ', 12026),
(13027, 'Equity', 'TSLA', 800000000000, 'Tesla Inc.', 'NASDAQ', 12027),
(13028, 'ETF', 'SPY', 550000000000, 'SPDR S&P 500 ETF Trust', 'NYSE Arca', 12028),
(13029, 'ETF', 'SPY', 550000000000, 'SPDR S&P 500 ETF Trust', 'NYSE Arca', 12029),
(13030, 'Equity', 'JPM', 600000000000, 'JPMorgan Chase & Co.', 'NYSE', 12030),
(13031, 'Equity', 'TSLA', 800000000000, 'Tesla Inc.', 'NASDAQ', 12031),
(13032, 'ETF', 'SPY', 550000000000, 'SPDR S&P 500 ETF Trust', 'NYSE Arca', 12032),
(13033, 'ETF', 'SPY', 550000000000, 'SPDR S&P 500 ETF Trust', 'NYSE Arca', 12033),
(13034, 'Equity', 'TSLA', 800000000000, 'Tesla Inc.', 'NASDAQ', 12034),
(13035, 'Equity', 'NVDA', 2200000000000, 'NVIDIA Corporation', 'NASDAQ', 12035),
(13036, 'Equity', 'JPM', 600000000000, 'JPMorgan Chase & Co.', 'NYSE', 12036),
(13037, 'Equity', 'GOOGL', 1800000000000, 'Alphabet Inc.', 'NASDAQ', 12037),
(13038, 'Equity', 'META', 1200000000000, 'Meta Platforms Inc.', 'NASDAQ', 12038),
(13039, 'Equity', 'MSFT', 3100000000000, 'Microsoft Corporation', 'NASDAQ', 12039),
(13040, 'Equity', 'META', 1200000000000, 'Meta Platforms Inc.', 'NASDAQ', 12040),
(13041, 'Equity', 'NVDA', 2200000000000, 'NVIDIA Corporation', 'NASDAQ', 12041),
(13042, 'Equity', 'JPM', 600000000000, 'JPMorgan Chase & Co.', 'NYSE', 12042),
(13043, 'ETF', 'QQQ', 300000000000, 'Invesco QQQ Trust', 'NASDAQ', 12043),
(13044, 'Equity', 'META', 1200000000000, 'Meta Platforms Inc.', 'NASDAQ', 12044),
(13045, 'ETF', 'QQQ', 300000000000, 'Invesco QQQ Trust', 'NASDAQ', 12045),
(13046, 'Equity', 'AAPL', 2800000000000, 'Apple Inc.', 'NASDAQ', 12046),
(13047, 'Equity', 'JPM', 600000000000, 'JPMorgan Chase & Co.', 'NYSE', 12047),
(13048, 'Equity', 'AMZN', 1900000000000, 'Amazon.com Inc.', 'NASDAQ', 12048),
(13049, 'Equity', 'NVDA', 2200000000000, 'NVIDIA Corporation', 'NASDAQ', 12049),
(13050, 'Equity', 'GOOGL', 1800000000000, 'Alphabet Inc.', 'NASDAQ', 12050),
(13051, 'Equity', 'TSLA', 800000000000, 'Tesla Inc.', 'NASDAQ', 12051),
(13052, 'ETF', 'QQQ', 300000000000, 'Invesco QQQ Trust', 'NASDAQ', 12052),
(13053, 'Equity', 'AMZN', 1900000000000, 'Amazon.com Inc.', 'NASDAQ', 12053),
(13054, 'Equity', 'TSLA', 800000000000, 'Tesla Inc.', 'NASDAQ', 12054),
(13055, 'Equity', 'V', 550000000000, 'Visa Inc.', 'NYSE', 12055),
(13056, 'Equity', 'GOOGL', 1800000000000, 'Alphabet Inc.', 'NASDAQ', 12056),
(13057, 'ETF', 'SPY', 550000000000, 'SPDR S&P 500 ETF Trust', 'NYSE Arca', 12057),
(13058, 'Equity', 'TSLA', 800000000000, 'Tesla Inc.', 'NASDAQ', 12058),
(13059, 'ETF', 'SPY', 550000000000, 'SPDR S&P 500 ETF Trust', 'NYSE Arca', 12059),
(13060, 'Equity', 'META', 1200000000000, 'Meta Platforms Inc.', 'NASDAQ', 12060),
(13061, 'Equity', 'MSFT', 3100000000000, 'Microsoft Corporation', 'NASDAQ', 12061),
(13062, 'Equity', 'MSFT', 3100000000000, 'Microsoft Corporation', 'NASDAQ', 12062),
(13063, 'Equity', 'GOOGL', 1800000000000, 'Alphabet Inc.', 'NASDAQ', 12063),
(13064, 'Equity', 'JPM', 600000000000, 'JPMorgan Chase & Co.', 'NYSE', 12064),
(13065, 'Equity', 'AAPL', 2800000000000, 'Apple Inc.', 'NASDAQ', 12065),
(13066, 'Equity', 'MSFT', 3100000000000, 'Microsoft Corporation', 'NASDAQ', 12066),
(13067, 'Equity', 'NVDA', 2200000000000, 'NVIDIA Corporation', 'NASDAQ', 12067),
(13068, 'Equity', 'GOOGL', 1800000000000, 'Alphabet Inc.', 'NASDAQ', 12068),
(13069, 'Equity', 'V', 550000000000, 'Visa Inc.', 'NYSE', 12069),
(13070, 'ETF', 'SPY', 550000000000, 'SPDR S&P 500 ETF Trust', 'NYSE Arca', 12070),
(13071, 'Equity', 'GOOGL', 1800000000000, 'Alphabet Inc.', 'NASDAQ', 12071),
(13072, 'ETF', 'SPY', 550000000000, 'SPDR S&P 500 ETF Trust', 'NYSE Arca', 12072);

INSERT INTO AnalystRating (rate_id, rating, rating_date, analyst_firm, asset_rating)
VALUES
(14001, 3, '2026-03-21 18:04:38', 'JPMorgan', 13068),
(14002, 1, '2026-03-26 05:49:08', 'UBS', 13038),
(14003, 5, '2026-04-17 11:16:04', 'Morgan Stanley', 13059),
(14004, 2, '2026-04-12 03:07:33', 'Barclays', 13065),
(14005, 4, '2026-04-12 00:49:49', 'Morgan Stanley', 13056),
(14006, 1, '2026-03-28 19:02:10', 'JPMorgan', 13013),
(14007, 5, '2026-03-23 17:01:23', 'JPMorgan', 13015),
(14008, 1, '2026-04-04 00:45:06', 'Wells Fargo', 13028),
(14009, 3, '2026-04-02 00:42:21', 'UBS', 13072),
(14010, 2, '2026-03-23 23:38:53', 'Wells Fargo', 13029),
(14011, 4, '2026-04-05 02:05:37', 'Wells Fargo', 13057),
(14012, 5, '2026-03-27 00:18:50', 'Wells Fargo', 13066),
(14013, 5, '2026-04-05 20:54:55', 'UBS', 13027),
(14014, 5, '2026-04-09 03:37:44', 'Goldman Sachs', 13022),
(14015, 5, '2026-03-30 17:38:05', 'Barclays', 13053),
(14016, 3, '2026-04-01 00:31:32', 'Goldman Sachs', 13030),
(14017, 2, '2026-04-11 08:54:15', 'JPMorgan', 13026),
(14018, 3, '2026-04-02 04:42:45', 'JPMorgan', 13060),
(14019, 3, '2026-04-02 21:39:27', 'Goldman Sachs', 13047),
(14020, 2, '2026-03-22 10:41:43', 'Wells Fargo', 13007),
(14021, 2, '2026-03-29 12:02:17', 'UBS', 13021),
(14022, 4, '2026-04-01 23:43:08', 'Goldman Sachs', 13069),
(14023, 2, '2026-04-01 05:49:08', 'Barclays', 13052),
(14024, 1, '2026-04-08 07:32:11', 'Goldman Sachs', 13043),
(14025, 5, '2026-03-28 19:05:07', 'Morgan Stanley', 13017),
(14026, 4, '2026-04-01 06:15:27', 'Bank of America', 13024),
(14027, 4, '2026-04-18 02:17:53', 'JPMorgan', 13010),
(14028, 2, '2026-03-25 06:22:59', 'JPMorgan', 13044),
(14029, 3, '2026-04-17 12:55:00', 'Barclays', 13031),
(14030, 3, '2026-04-02 21:54:15', 'Wells Fargo', 13005),
(14031, 5, '2026-04-09 19:09:13', 'UBS', 13006),
(14032, 1, '2026-03-30 23:10:06', 'Goldman Sachs', 13042),
(14033, 2, '2026-04-02 05:04:00', 'Morgan Stanley', 13041),
(14034, 5, '2026-03-23 06:51:21', 'Goldman Sachs', 13051),
(14035, 1, '2026-04-02 04:19:17', 'JPMorgan', 13058),
(14036, 4, '2026-04-01 02:57:29', 'Barclays', 13054),
(14037, 4, '2026-03-22 11:15:37', 'Bank of America', 13009),
(14038, 5, '2026-04-15 05:24:43', 'Bank of America', 13004),
(14039, 4, '2026-04-11 11:36:50', 'JPMorgan', 13070),
(14040, 2, '2026-03-26 18:09:58', 'Wells Fargo', 13008),
(14041, 5, '2026-04-12 11:35:57', 'Goldman Sachs', 13055),
(14042, 3, '2026-03-22 09:37:39', 'Bank of America', 13012),
(14043, 1, '2026-04-08 02:33:22', 'JPMorgan', 13039),
(14044, 5, '2026-04-05 00:40:11', 'Bank of America', 13034),
(14045, 5, '2026-03-25 22:14:42', 'Barclays', 13025),
(14046, 3, '2026-04-12 09:31:07', 'Goldman Sachs', 13014),
(14047, 2, '2026-03-30 15:25:34', 'Bank of America', 13037),
(14048, 5, '2026-04-17 20:33:18', 'Goldman Sachs', 13002),
(14049, 1, '2026-04-08 11:21:12', 'Morgan Stanley', 13046),
(14050, 3, '2026-03-24 12:58:16', 'Morgan Stanley', 13020);

INSERT INTO Trade (trade_id, trade_type, trade_date, quantity, price, trade_asset)
VALUES
(15001, 'BUY', '2026-02-24 06:40:22', 50, 324.97, 13016),
(15002, 'BUY', '2026-03-05 11:13:43', 150, 759.66, 13023),
(15003, 'BUY', '2026-02-28 12:28:22', 100, 555.95, 13030),
(15004, 'SELL', '2026-02-27 06:46:00', 10, 427.22, 13006),
(15005, 'SELL', '2026-04-04 15:48:49', 5, 486.77, 13010),
(15006, 'SELL', '2026-02-22 15:08:35', 100, 594.73, 13054),
(15007, 'SELL', '2026-04-16 04:29:42', 10, 434.78, 13042),
(15008, 'BUY', '2026-03-27 18:52:50', 150, 840.42, 13047),
(15009, 'BUY', '2026-03-17 22:43:36', 100, 852.26, 13032),
(15010, 'SELL', '2026-03-23 22:24:48', 100, 547.76, 13051),
(15011, 'SELL', '2026-03-24 21:04:06', 75, 260.49, 13022),
(15012, 'BUY', '2026-03-30 23:27:59', 10, 554.07, 13025),
(15013, 'SELL', '2026-04-12 00:47:01', 75, 741.01, 13019),
(15014, 'BUY', '2026-03-28 16:32:33', 10, 189.12, 13026),
(15015, 'BUY', '2026-04-18 07:14:25', 20, 772.2, 13010),
(15016, 'BUY', '2026-03-09 12:03:15', 150, 490.76, 13058),
(15017, 'SELL', '2026-04-17 08:50:08', 75, 193.41, 13009),
(15018, 'SELL', '2026-03-09 01:52:28', 150, 649.82, 13036),
(15019, 'BUY', '2026-03-16 11:53:34', 75, 531.97, 13040),
(15020, 'SELL', '2026-03-18 05:52:50', 150, 85.73, 13048),
(15021, 'SELL', '2026-03-27 23:49:44', 10, 662.43, 13012),
(15022, 'SELL', '2026-04-06 21:20:57', 150, 601.31, 13006),
(15023, 'SELL', '2026-03-25 14:16:44', 25, 355.45, 13061),
(15024, 'BUY', '2026-03-11 05:25:52', 5, 478.0, 13044),
(15025, 'BUY', '2026-02-22 13:28:08', 20, 87.19, 13057),
(15026, 'SELL', '2026-03-17 19:32:37', 20, 395.7, 13037),
(15027, 'SELL', '2026-02-20 08:47:19', 100, 785.74, 13007),
(15028, 'SELL', '2026-03-12 05:36:59', 10, 363.21, 13072),
(15029, 'SELL', '2026-03-07 08:01:31', 50, 289.4, 13020),
(15030, 'SELL', '2026-03-28 18:57:14', 10, 603.6, 13019),
(15031, 'SELL', '2026-04-17 18:02:42', 50, 969.31, 13051),
(15032, 'BUY', '2026-02-23 12:39:41', 10, 344.1, 13049),
(15033, 'SELL', '2026-03-25 18:06:33', 20, 686.61, 13068),
(15034, 'BUY', '2026-03-13 04:17:21', 100, 533.06, 13003),
(15035, 'SELL', '2026-03-24 22:18:31', 50, 221.25, 13028),
(15036, 'SELL', '2026-04-16 08:43:39', 150, 232.4, 13018),
(15037, 'BUY', '2026-04-03 10:40:50', 10, 331.0, 13013),
(15038, 'BUY', '2026-02-20 13:42:25', 75, 882.57, 13017),
(15039, 'SELL', '2026-04-13 15:39:58', 20, 204.13, 13022),
(15040, 'SELL', '2026-03-24 09:49:12', 5, 440.32, 13031),
(15041, 'SELL', '2026-03-01 09:41:57', 50, 764.77, 13058),
(15042, 'BUY', '2026-03-26 09:50:34', 25, 343.99, 13061),
(15043, 'BUY', '2026-03-20 04:36:12', 75, 694.39, 13057),
(15044, 'SELL', '2026-04-16 13:45:16', 50, 789.22, 13065),
(15045, 'SELL', '2026-03-17 03:23:15', 20, 826.05, 13018),
(15046, 'SELL', '2026-04-07 18:25:35', 5, 659.12, 13048),
(15047, 'BUY', '2026-04-09 08:27:27', 10, 320.81, 13021),
(15048, 'SELL', '2026-04-18 01:16:10', 150, 910.04, 13019),
(15049, 'SELL', '2026-02-23 04:04:06', 10, 949.09, 13029),
(15050, 'SELL', '2026-03-28 21:03:26', 75, 933.95, 13054),
(15051, 'BUY', '2026-02-20 10:59:56', 100, 526.91, 13031),
(15052, 'SELL', '2026-04-01 13:36:34', 10, 406.17, 13004),
(15053, 'SELL', '2026-04-18 13:39:15', 10, 847.22, 13043),
(15054, 'BUY', '2026-03-21 13:17:35', 20, 86.39, 13061),
(15055, 'BUY', '2026-03-26 16:45:15', 150, 476.17, 13001),
(15056, 'BUY', '2026-03-11 22:38:51', 5, 293.13, 13020),
(15057, 'SELL', '2026-04-14 04:27:48', 10, 787.36, 13031),
(15058, 'SELL', '2026-03-13 08:30:51', 10, 95.36, 13054),
(15059, 'SELL', '2026-04-05 13:51:49', 10, 155.32, 13064),
(15060, 'BUY', '2026-03-30 20:14:49', 25, 732.62, 13038),
(15061, 'SELL', '2026-02-21 06:02:26', 5, 634.07, 13031),
(15062, 'SELL', '2026-03-27 23:06:40', 20, 681.15, 13011),
(15063, 'SELL', '2026-03-10 04:31:46', 10, 955.73, 13070),
(15064, 'BUY', '2026-03-09 21:23:20', 100, 879.66, 13006),
(15065, 'SELL', '2026-03-23 14:06:05', 75, 290.97, 13003),
(15066, 'SELL', '2026-03-13 07:17:12', 10, 377.56, 13014),
(15067, 'SELL', '2026-03-05 05:30:30', 20, 92.12, 13070),
(15068, 'SELL', '2026-04-10 04:53:23', 20, 838.86, 13060),
(15069, 'SELL', '2026-04-16 23:23:05', 20, 820.92, 13009),
(15070, 'SELL', '2026-03-26 06:31:25', 5, 328.77, 13006),
(15071, 'BUY', '2026-02-27 03:10:19', 5, 349.82, 13040),
(15072, 'SELL', '2026-02-22 23:59:50', 150, 290.65, 13025),
(15073, 'SELL', '2026-03-29 22:14:09', 75, 869.03, 13007),
(15074, 'SELL', '2026-04-14 02:44:57', 50, 168.25, 13048),
(15075, 'SELL', '2026-03-08 17:22:05', 100, 756.14, 13050),
(15076, 'SELL', '2026-03-29 11:21:11', 20, 521.39, 13064),
(15077, 'SELL', '2026-03-29 20:06:32', 50, 811.09, 13055),
(15078, 'BUY', '2026-02-25 20:19:29', 100, 622.33, 13024),
(15079, 'SELL', '2026-04-01 15:21:19', 75, 147.47, 13042),
(15080, 'SELL', '2026-02-23 04:37:47', 50, 473.62, 13055);

INSERT INTO Strategy (strategy_id, strategy_name, strategy_type, created_at, parameter, status, trade_strat, port_strat)
VALUES
(16001, 'Tech Momentum', 'Momentum', '2026-01-10 09:00:00', 'lookback=30,stop_loss=0.03', 'active', 15001, 101),
(16002, 'Mean Reversion', 'Mean Reversion', '2026-01-15 10:00:00', 'zscore=1.5,window=20', 'active', 15002, 101),
(16003, 'AI Growth Rotation', 'Rotation', '2026-02-01 09:30:00', 'rebalance=10,max_weight=0.35', 'active', 15003, 101),
(16004, 'Legacy ETF Hedge', 'Hedging', '2025-12-20 15:00:00', 'hedge_band=0.02,rebalance=weekly', 'inactive', 15004, 101),
(16005, 'Beginner Core Growth', 'Long Only', '2026-02-10 10:30:00', 'monthly_contrib=500', 'active', 15005, 102),
(16006, 'Beginner Market ETF', 'Passive', '2026-02-12 11:00:00', 'hold_forever=true', 'active', 15006, 102),
(16007, 'Market Neutral 16007', 'Passive', '2025-05-26 07:43:35', 'rebalance=monthly', 'active', 15028, 123),
(16008, 'Sector Rotation 16008', 'Momentum', '2025-07-26 06:05:27', 'lookback=20', 'inactive', 15063, 124),
(16009, 'Dividend Capture 16009', 'Momentum', '2024-12-11 06:58:24', 'stop_loss=0.04', 'inactive', 15074, 103),
(16010, 'Volatility Control 16010', 'Hedging', '2024-07-19 16:51:46', 'zscore=2.0', 'active', 15023, 125),
(16011, 'Core ETF Ladder 16011', 'Rotation', '2025-09-07 00:07:42', 'rebalance=monthly', 'active', 15011, 124),
(16012, 'Volatility Control 16012', 'Market Neutral', '2026-03-02 00:03:43', 'stop_loss=0.04', 'active', 15067, 126),
(16013, 'Sector Rotation 16013', 'Hedging', '2026-04-07 01:35:51', 'lookback=20', 'active', 15050, 112),
(16014, 'Momentum Plus 16014', 'Factor', '2026-02-05 00:43:37', 'hold_forever=true', 'active', 15077, 117),
(16015, 'Market Neutral 16015', 'Hedging', '2024-06-24 23:03:29', 'hold_forever=true', 'active', 15043, 132),
(16016, 'Volatility Control 16016', 'Rotation', '2025-08-14 16:19:06', 'lookback=20', 'inactive', 15035, 112),
(16017, 'Volatility Control 16017', 'Passive', '2025-04-19 23:39:11', 'zscore=2.0', 'active', 15071, 136),
(16018, 'Sector Rotation 16018', 'Long Only', '2024-05-01 18:20:53', 'stop_loss=0.04', 'active', 15046, 124),
(16019, 'Tech Breakout 16019', 'Mean Reversion', '2024-11-27 03:52:41', 'stop_loss=0.04', 'active', 15044, 116),
(16020, 'Market Neutral 16020', 'Momentum', '2026-03-04 22:16:39', 'zscore=2.0', 'active', 15066, 130),
(16021, 'Momentum Plus 16021', 'Rotation', '2024-12-20 20:11:10', 'hold_forever=true', 'active', 15069, 105),
(16022, 'Macro Hedge 16022', 'Growth', '2025-10-22 15:07:11', 'hold_forever=true', 'inactive', 15029, 127),
(16023, 'Core ETF Ladder 16023', 'Mean Reversion', '2024-09-03 23:10:36', 'stop_loss=0.04', 'active', 15073, 105),
(16024, 'Market Neutral 16024', 'Value', '2026-04-09 02:13:48', 'zscore=2.0', 'active', 15040, 136),
(16025, 'Core ETF Ladder 16025', 'Rotation', '2024-08-08 06:21:07', 'stop_loss=0.04', 'inactive', 15057, 133),
(16026, 'Volatility Control 16026', 'Value', '2024-11-17 17:48:34', 'stop_loss=0.04', 'active', 15010, 111),
(16027, 'Value Rebound 16027', 'Hedging', '2025-11-07 10:54:36', 'zscore=2.0', 'active', 15019, 106),
(16028, 'Tech Breakout 16028', 'Value', '2025-04-19 09:50:28', 'zscore=2.0', 'active', 15027, 120),
(16029, 'Momentum Plus 16029', 'Mean Reversion', '2025-05-12 12:34:16', 'hold_forever=true', 'active', 15060, 110),
(16030, 'Core ETF Ladder 16030', 'Market Neutral', '2025-10-02 19:23:31', 'zscore=2.0', 'active', 15020, 102),
(16031, 'Quality Growth 16031', 'Market Neutral', '2025-05-02 23:38:47', 'zscore=2.0', 'active', 15014, 127),
(16032, 'Quality Growth 16032', 'Growth', '2025-08-08 12:52:37', 'hold_forever=true', 'active', 15064, 120),
(16033, 'Tech Breakout 16033', 'Factor', '2026-01-10 01:16:39', 'zscore=2.0', 'inactive', 15052, 105),
(16034, 'Quality Growth 16034', 'Rotation', '2025-07-07 21:49:04', 'rebalance=monthly', 'inactive', 15078, 131),
(16035, 'Tech Breakout 16035', 'Passive', '2025-06-22 22:24:47', 'hold_forever=true', 'active', 15051, 121),
(16036, 'Value Rebound 16036', 'Factor', '2024-08-07 18:22:44', 'stop_loss=0.04', 'active', 15037, 133),
(16037, 'Volatility Control 16037', 'Passive', '2024-08-26 22:12:57', 'stop_loss=0.04', 'inactive', 15062, 108),
(16038, 'Market Neutral 16038', 'Hedging', '2025-08-30 19:28:07', 'stop_loss=0.04', 'active', 15033, 104),
(16039, 'Macro Hedge 16039', 'Market Neutral', '2025-07-12 17:49:37', 'rebalance=monthly', 'active', 15036, 111),
(16040, 'Core ETF Ladder 16040', 'Passive', '2026-01-28 23:24:30', 'stop_loss=0.04', 'active', 15041, 132),
(16041, 'Market Neutral 16041', 'Growth', '2025-09-20 05:27:52', 'zscore=2.0', 'inactive', 15065, 102),
(16042, 'Macro Hedge 16042', 'Value', '2024-05-20 02:37:22', 'rebalance=monthly', 'active', 15015, 114),
(16043, 'Value Rebound 16043', 'Momentum', '2025-01-06 02:24:18', 'lookback=20', 'active', 15080, 132),
(16044, 'Sector Rotation 16044', 'Value', '2025-09-19 01:50:40', 'lookback=20', 'active', 15061, 128),
(16045, 'Sector Rotation 16045', 'Passive', '2026-03-18 04:46:30', 'rebalance=monthly', 'active', 15021, 103),
(16046, 'Quality Growth 16046', 'Market Neutral', '2025-07-02 13:14:14', 'hold_forever=true', 'active', 15055, 124),
(16047, 'Volatility Control 16047', 'Factor', '2025-10-12 17:06:04', 'hold_forever=true', 'inactive', 15042, 136),
(16048, 'Core ETF Ladder 16048', 'Market Neutral', '2025-11-04 08:12:50', 'lookback=20', 'active', 15039, 107);

INSERT INTO RiskMetric (riskmetric_id, sharpe_ratio, volatility, drawdown, calculated_at, risk_strat)
VALUES
(17001, 0.95, 0.24, 0.08, '2026-04-15 06:42:53', 16001),
(17002, 1.71, 0.23, 0.06, '2026-04-15 07:20:04', 16002),
(17003, 1.11, 0.18, 0.04, '2026-04-18 22:30:21', 16003),
(17004, 0.59, 0.15, 0.1, '2026-04-18 00:45:31', 16004),
(17005, 1.04, 0.2, 0.11, '2026-04-18 15:06:40', 16005),
(17006, 0.86, 0.2, 0.05, '2026-04-15 01:54:58', 16006),
(17007, 1.79, 0.23, 0.07, '2026-04-17 12:01:52', 16007),
(17008, 0.87, 0.25, 0.11, '2026-04-16 23:05:05', 16008),
(17009, 1.39, 0.14, 0.15, '2026-04-16 07:30:22', 16009),
(17010, 0.92, 0.21, 0.18, '2026-04-17 22:58:01', 16010),
(17011, 1.22, 0.24, 0.14, '2026-04-18 00:00:33', 16011),
(17012, 1.36, 0.09, 0.1, '2026-04-16 14:58:59', 16012),
(17013, 1.75, 0.24, 0.15, '2026-04-16 04:52:25', 16013),
(17014, 1.21, 0.22, 0.12, '2026-04-14 22:04:53', 16014),
(17015, 0.64, 0.21, 0.12, '2026-04-15 02:35:53', 16015),
(17016, 1.58, 0.11, 0.13, '2026-04-17 03:11:38', 16016),
(17017, 0.44, 0.27, 0.05, '2026-04-18 11:23:40', 16017),
(17018, 0.43, 0.14, 0.05, '2026-04-14 08:53:45', 16018),
(17019, 1.37, 0.16, 0.15, '2026-04-16 12:18:19', 16019),
(17020, 1.69, 0.25, 0.14, '2026-04-15 23:10:47', 16020),
(17021, 0.49, 0.11, 0.06, '2026-04-18 18:44:58', 16021),
(17022, 0.86, 0.21, 0.11, '2026-04-17 16:00:09', 16022),
(17023, 0.84, 0.11, 0.17, '2026-04-16 16:32:36', 16023),
(17024, 0.88, 0.15, 0.15, '2026-04-14 17:35:44', 16024),
(17025, 1.41, 0.21, 0.13, '2026-04-14 12:41:58', 16025),
(17026, 1.25, 0.12, 0.07, '2026-04-14 21:52:18', 16026),
(17027, 1.18, 0.12, 0.18, '2026-04-16 08:33:09', 16027),
(17028, 0.82, 0.14, 0.06, '2026-04-16 16:14:12', 16028),
(17029, 1.39, 0.14, 0.08, '2026-04-18 06:21:36', 16029),
(17030, 1.71, 0.24, 0.07, '2026-04-14 13:38:24', 16030),
(17031, 0.57, 0.22, 0.09, '2026-04-18 15:53:42', 16031),
(17032, 1.77, 0.24, 0.17, '2026-04-18 04:38:19', 16032),
(17033, 1.53, 0.14, 0.07, '2026-04-18 12:47:24', 16033),
(17034, 1.4, 0.15, 0.1, '2026-04-18 18:17:27', 16034),
(17035, 0.76, 0.18, 0.06, '2026-04-16 04:25:19', 16035),
(17036, 1.15, 0.27, 0.13, '2026-04-16 02:12:32', 16036),
(17037, 0.59, 0.2, 0.12, '2026-04-15 23:30:35', 16037),
(17038, 0.74, 0.21, 0.11, '2026-04-16 00:58:27', 16038),
(17039, 1.29, 0.09, 0.09, '2026-04-14 12:25:37', 16039),
(17040, 1.4, 0.1, 0.15, '2026-04-15 05:34:44', 16040),
(17041, 0.41, 0.19, 0.17, '2026-04-15 16:52:35', 16041),
(17042, 0.97, 0.27, 0.16, '2026-04-14 14:31:27', 16042),
(17043, 1.07, 0.12, 0.17, '2026-04-17 16:23:56', 16043),
(17044, 0.85, 0.21, 0.17, '2026-04-15 18:52:09', 16044),
(17045, 0.53, 0.19, 0.11, '2026-04-14 20:09:37', 16045),
(17046, 1.41, 0.27, 0.17, '2026-04-14 07:13:50', 16046),
(17047, 0.65, 0.26, 0.06, '2026-04-18 16:43:19', 16047),
(17048, 1.69, 0.28, 0.09, '2026-04-16 11:19:44', 16048);

INSERT INTO PerformanceRecord (performance_id, port_value, cumulative_PNL, daily_PNL, record_date, strat_perf)
VALUES
(18001, 189733.72, 111095.5, 8403.63, '2026-04-15 17:34:02', 16032),
(18002, 707557.38, -3563.59, 4599.52, '2026-04-14 06:52:41', 16019),
(18003, 746341.13, 46931.53, 3179.36, '2026-04-08 11:48:26', 16007),
(18004, 457475.36, 71556.43, 9232.01, '2026-04-11 10:00:05', 16042),
(18005, 401015.58, 24885.77, -1091.92, '2026-04-17 05:26:45', 16033),
(18006, 598339.43, 95484.23, 6482.48, '2026-03-30 11:45:22', 16011),
(18007, 602463.42, 117568.99, 4597.27, '2026-04-03 10:08:55', 16001),
(18008, 181621.19, 127702.71, 8713.03, '2026-04-02 02:24:13', 16013),
(18009, 436460.49, 8444.35, 5865.7, '2026-04-17 21:56:34', 16028),
(18010, 786263.89, 69005.39, 9197.82, '2026-04-11 06:53:48', 16012),
(18011, 245588.96, 31505.79, 6921.96, '2026-04-07 13:47:48', 16001),
(18012, 276459.38, 107046.79, -2357.05, '2026-04-14 15:11:50', 16022),
(18013, 319664.07, 31626.9, 5847.33, '2026-04-03 20:42:06', 16042),
(18014, 280104.76, 57839.58, 3781.51, '2026-04-01 13:07:17', 16030),
(18015, 627380.79, 101995.01, 5483.89, '2026-04-03 21:05:07', 16046),
(18016, 325657.93, 29231.63, 9467.01, '2026-04-11 21:19:52', 16019),
(18017, 164889.17, 110898.9, 5071.74, '2026-04-11 13:35:00', 16031),
(18018, 576455.55, 136483.52, 6966.88, '2026-03-31 08:46:54', 16027),
(18019, 669202.63, 113088.24, 6004.27, '2026-04-15 20:14:40', 16043),
(18020, 704851.29, 7689.9, 3084.35, '2026-04-09 02:33:08', 16039),
(18021, 321338.65, 137172.93, -1097.39, '2026-04-09 19:56:24', 16046),
(18022, 727166.12, 26334.3, 4208.25, '2026-04-11 17:58:22', 16036),
(18023, 296088.23, 75652.94, -1047.0, '2026-04-10 14:39:26', 16011),
(18024, 587688.47, 70768.33, 8736.12, '2026-04-13 11:32:08', 16014),
(18025, 656519.06, 65282.01, 3915.6, '2026-04-04 22:26:41', 16029),
(18026, 472933.39, 81613.57, 5909.6, '2026-03-30 03:23:07', 16030),
(18027, 592460.06, 56372.05, 7705.67, '2026-04-06 03:59:10', 16020),
(18028, 213425.98, 6319.58, 2796.22, '2026-04-10 12:33:10', 16048),
(18029, 97819.93, 149089.17, 9182.28, '2026-04-02 20:32:42', 16045),
(18030, 789602.94, 68171.04, 1088.63, '2026-04-12 11:22:39', 16005),
(18031, 626729.05, 113703.29, 9729.17, '2026-04-09 13:54:25', 16012),
(18032, 772836.93, 53041.44, 8641.67, '2026-04-06 07:43:27', 16042),
(18033, 702215.21, 135548.93, 2195.57, '2026-04-18 04:16:05', 16029),
(18034, 773108.28, 130555.83, -837.63, '2026-04-09 23:47:37', 16044),
(18035, 138974.88, 148891.25, 2413.23, '2026-04-14 20:06:44', 16023),
(18036, 595893.61, 29516.98, -2456.58, '2026-04-09 06:17:35', 16009),
(18037, 783868.01, 66765.6, 6488.67, '2026-03-30 12:23:41', 16002),
(18038, 448950.21, 122620.87, 593.9, '2026-04-16 13:50:00', 16028),
(18039, 166341.03, 24214.47, 8440.1, '2026-03-30 23:31:51', 16023),
(18040, 74162.99, 97330.64, 5186.54, '2026-04-06 20:20:14', 16008),
(18041, 230499.72, 5430.09, 4924.3, '2026-04-06 13:49:10', 16002),
(18042, 498338.67, 104009.37, -1891.55, '2026-04-14 01:20:47', 16029),
(18043, 83177.55, 63039.24, 4247.0, '2026-04-06 06:02:22', 16048),
(18044, 155101.68, 148989.93, 427.02, '2026-03-31 11:03:46', 16004),
(18045, 482082.75, 84508.6, 7156.73, '2026-04-03 22:22:29', 16047),
(18046, 227678.03, 130820.04, 9821.19, '2026-04-12 06:02:40', 16021),
(18047, 215782.06, 41577.65, -1738.03, '2026-04-01 04:23:35', 16034),
(18048, 709785.42, 136294.54, 5324.91, '2026-04-10 17:56:52', 16038),
(18049, 466888.0, 2267.04, 1805.19, '2026-04-14 05:50:25', 16028),
(18050, 553506.89, 116799.71, 1484.18, '2026-04-01 18:40:15', 16042),
(18051, 356194.38, 41482.72, -201.51, '2026-04-06 03:44:16', 16027),
(18052, 405139.12, 126647.84, 1259.21, '2026-04-05 21:08:13', 16035),
(18053, 158263.81, 66768.9, -1779.7, '2026-04-11 23:10:34', 16046),
(18054, 775839.64, 81379.45, -823.84, '2026-04-15 17:13:06', 16027),
(18055, 241246.73, 46190.76, -1511.62, '2026-04-12 19:16:55', 16016),
(18056, 685350.04, 9331.92, 6557.31, '2026-04-18 17:25:39', 16029),
(18057, 88652.47, 53461.04, 5062.12, '2026-04-08 16:19:45', 16013),
(18058, 705215.34, 24165.31, 7021.21, '2026-04-02 18:07:40', 16003),
(18059, 553587.89, 28637.56, 111.11, '2026-04-01 19:21:49', 16047),
(18060, 277391.02, 135894.09, 147.6, '2026-04-13 10:20:09', 16022),
(18061, 771558.17, 13184.01, 9994.65, '2026-04-17 23:33:53', 16013),
(18062, 735830.97, 102822.07, 6297.11, '2026-03-30 20:23:11', 16031),
(18063, 736344.84, 80572.29, 7193.92, '2026-04-03 03:23:53', 16026),
(18064, 399687.85, 95551.81, 1355.28, '2026-04-14 22:22:00', 16025),
(18065, 434612.41, 72077.98, -1267.4, '2026-04-16 19:48:49', 16024),
(18066, 402117.82, 125158.33, 8929.13, '2026-04-05 10:07:13', 16047),
(18067, 284691.51, 2085.89, 8301.06, '2026-04-05 07:28:15', 16024),
(18068, 159442.03, 35419.99, 9184.48, '2026-04-07 01:46:55', 16048),
(18069, 590008.95, 40754.8, -47.6, '2026-04-15 10:01:45', 16038),
(18070, 334879.83, 124171.22, 3741.27, '2026-04-08 13:51:58', 16015),
(18071, 757598.41, 47322.46, 7042.01, '2026-03-30 20:12:44', 16042),
(18072, 774881.2, 94462.64, 3632.44, '2026-04-12 01:08:48', 16032),
(18073, 599579.18, 49587.31, -750.52, '2026-04-04 19:58:03', 16011),
(18074, 416237.24, 137119.41, 4276.71, '2026-04-16 08:27:39', 16035),
(18075, 767927.67, 76211.38, 7988.36, '2026-03-31 01:34:49', 16042),
(18076, 758891.08, 98573.41, 7054.24, '2026-04-12 05:23:07', 16005),
(18077, 153118.65, 92758.76, -1650.4, '2026-04-04 13:46:42', 16027),
(18078, 56856.1, 73388.6, 2165.01, '2026-04-15 02:19:07', 16010),
(18079, 528296.44, 139755.08, 8909.39, '2026-04-07 20:22:15', 16040),
(18080, 415890.79, -3975.08, 4395.54, '2026-04-07 02:38:41', 16043);

INSERT INTO Benchmark (benchmark_id, sector, current_value, benchmark_name, benchmark_type, ticker, description, strat_bench)
VALUES
(19001, 'Technology', 441.3, 'Nasdaq-100 Index', 'Equity Index', 'QQQ', 'Technology-heavy U.S. large-cap benchmark', 16001),
(19002, 'Technology', 441.3, 'Nasdaq-100 Index', 'Equity Index', 'QQQ', 'Technology-heavy U.S. large-cap benchmark', 16002),
(19003, 'Financials', 42.15, 'Financial Sector ETF', 'Sector ETF', 'XLF', 'Financial sector benchmark', 16003),
(19004, 'Financials', 42.15, 'Financial Sector ETF', 'Sector ETF', 'XLF', 'Financial sector benchmark', 16004),
(19005, 'Technology', 441.3, 'Nasdaq-100 Index', 'Equity Index', 'QQQ', 'Technology-heavy U.S. large-cap benchmark', 16005),
(19006, 'Growth', 370.55, 'Russell 1000 Growth', 'Equity Index', 'IWF', 'Large-cap growth benchmark', 16006),
(19007, 'Market', 518.24, 'S&P 500 Index', 'Equity Index', 'SPY', 'Broad large-cap U.S. benchmark', 16007),
(19008, 'Technology', 441.3, 'Nasdaq-100 Index', 'Equity Index', 'QQQ', 'Technology-heavy U.S. large-cap benchmark', 16008),
(19009, 'Technology', 441.3, 'Nasdaq-100 Index', 'Equity Index', 'QQQ', 'Technology-heavy U.S. large-cap benchmark', 16009),
(19010, 'Market', 518.24, 'S&P 500 Index', 'Equity Index', 'SPY', 'Broad large-cap U.S. benchmark', 16010),
(19011, 'Market', 518.24, 'S&P 500 Index', 'Equity Index', 'SPY', 'Broad large-cap U.S. benchmark', 16011),
(19012, 'Market', 518.24, 'S&P 500 Index', 'Equity Index', 'SPY', 'Broad large-cap U.S. benchmark', 16012),
(19013, 'Financials', 42.15, 'Financial Sector ETF', 'Sector ETF', 'XLF', 'Financial sector benchmark', 16013),
(19014, 'Financials', 42.15, 'Financial Sector ETF', 'Sector ETF', 'XLF', 'Financial sector benchmark', 16014),
(19015, 'Financials', 42.15, 'Financial Sector ETF', 'Sector ETF', 'XLF', 'Financial sector benchmark', 16015),
(19016, 'Growth', 370.55, 'Russell 1000 Growth', 'Equity Index', 'IWF', 'Large-cap growth benchmark', 16016),
(19017, 'Technology', 441.3, 'Nasdaq-100 Index', 'Equity Index', 'QQQ', 'Technology-heavy U.S. large-cap benchmark', 16017),
(19018, 'Financials', 42.15, 'Financial Sector ETF', 'Sector ETF', 'XLF', 'Financial sector benchmark', 16018),
(19019, 'Growth', 370.55, 'Russell 1000 Growth', 'Equity Index', 'IWF', 'Large-cap growth benchmark', 16019),
(19020, 'Growth', 370.55, 'Russell 1000 Growth', 'Equity Index', 'IWF', 'Large-cap growth benchmark', 16020),
(19021, 'Market', 518.24, 'S&P 500 Index', 'Equity Index', 'SPY', 'Broad large-cap U.S. benchmark', 16021),
(19022, 'Market', 518.24, 'S&P 500 Index', 'Equity Index', 'SPY', 'Broad large-cap U.S. benchmark', 16022),
(19023, 'Financials', 42.15, 'Financial Sector ETF', 'Sector ETF', 'XLF', 'Financial sector benchmark', 16023),
(19024, 'Technology', 441.3, 'Nasdaq-100 Index', 'Equity Index', 'QQQ', 'Technology-heavy U.S. large-cap benchmark', 16024),
(19025, 'Technology', 441.3, 'Nasdaq-100 Index', 'Equity Index', 'QQQ', 'Technology-heavy U.S. large-cap benchmark', 16025),
(19026, 'Technology', 441.3, 'Nasdaq-100 Index', 'Equity Index', 'QQQ', 'Technology-heavy U.S. large-cap benchmark', 16026),
(19027, 'Growth', 370.55, 'Russell 1000 Growth', 'Equity Index', 'IWF', 'Large-cap growth benchmark', 16027),
(19028, 'Growth', 370.55, 'Russell 1000 Growth', 'Equity Index', 'IWF', 'Large-cap growth benchmark', 16028),
(19029, 'Growth', 370.55, 'Russell 1000 Growth', 'Equity Index', 'IWF', 'Large-cap growth benchmark', 16029),
(19030, 'Growth', 370.55, 'Russell 1000 Growth', 'Equity Index', 'IWF', 'Large-cap growth benchmark', 16030),
(19031, 'Technology', 441.3, 'Nasdaq-100 Index', 'Equity Index', 'QQQ', 'Technology-heavy U.S. large-cap benchmark', 16031),
(19032, 'Technology', 441.3, 'Nasdaq-100 Index', 'Equity Index', 'QQQ', 'Technology-heavy U.S. large-cap benchmark', 16032),
(19033, 'Market', 518.24, 'S&P 500 Index', 'Equity Index', 'SPY', 'Broad large-cap U.S. benchmark', 16033),
(19034, 'Technology', 441.3, 'Nasdaq-100 Index', 'Equity Index', 'QQQ', 'Technology-heavy U.S. large-cap benchmark', 16034),
(19035, 'Growth', 370.55, 'Russell 1000 Growth', 'Equity Index', 'IWF', 'Large-cap growth benchmark', 16035),
(19036, 'Growth', 370.55, 'Russell 1000 Growth', 'Equity Index', 'IWF', 'Large-cap growth benchmark', 16036);
