USE PortIQ;
SET FOREIGN_KEY_CHECKS = 0;
DELETE FROM Benchmark;
DELETE FROM PerformanceRecord;
DELETE FROM RiskMetric;
DELETE FROM Strategy;
DELETE FROM Trade;
DELETE FROM AnalystRating;
DELETE FROM Asset;
DELETE FROM StockPosition;
DELETE FROM PortfolioSnapshot;
DELETE FROM Portfolio;
DELETE FROM DashboardLayout;
DELETE FROM DashBoard;
DELETE FROM Visualization;
DELETE FROM DataCleaningMethod;
DELETE FROM Dataset;
DELETE FROM ChatSession;
DELETE FROM Customer;
DELETE FROM Permission;
DELETE FROM Role;
DELETE FROM Action;
DELETE FROM DailySummary;
DELETE FROM Users;
SET FOREIGN_KEY_CHECKS = 1;
INSERT INTO Users (userID, first_name, last_name, username, email, passwordHash, birth_date) VALUES
  (1, 'Andrew', 'Rock', 'andrewrock', 'andrew.rock@portiq.com', 'hashed_pw_1', '1993-06-15 00:00:00'),
  (2, 'John', 'Data', 'johndata', 'john.data@portiq.com', 'hashed_pw_2', '1980-03-12 00:00:00'),
  (3, 'Katrina', 'Williams', 'kwilliams', 'katrina.williams@portiq.com', 'hashed_pw_3', '1985-09-21 00:00:00'),
  (4, 'Jane', 'Doe', 'janedoe', 'jane.doe@portiq.com', 'hashed_pw_4', '1998-11-08 00:00:00'),
  (5, 'Danielle', 'Johnson', 'daniellejohnson5', 'danielle.johnson5@portiq.com', 'hashed_pw_5', '1976-01-10 00:00:00'),
  (6, 'Jeffrey', 'Doyle', 'jeffreydoyle6', 'jeffrey.doyle6@portiq.com', 'hashed_pw_6', '1991-09-10 00:00:00'),
  (7, 'Patricia', 'Miller', 'patriciamiller7', 'patricia.miller7@portiq.com', 'hashed_pw_7', '1981-10-03 00:00:00'),
  (8, 'Anthony', 'Robinson', 'anthonyrobinson8', 'anthony.robinson8@portiq.com', 'hashed_pw_8', '1985-01-03 00:00:00'),
  (9, 'Anthony', 'Gonzalez', 'anthonygonzalez9', 'anthony.gonzalez9@portiq.com', 'hashed_pw_9', '1990-08-24 00:00:00'),
  (10, 'Amy', 'Robinson', 'amyrobinson10', 'amy.robinson10@portiq.com', 'hashed_pw_10', '1988-04-13 00:00:00'),
  (11, 'Lisa', 'Smith', 'lisasmith11', 'lisa.smith11@portiq.com', 'hashed_pw_11', '1996-09-22 00:00:00'),
  (12, 'Helen', 'Peterson', 'helenpeterson12', 'helen.peterson12@portiq.com', 'hashed_pw_12', '1971-05-13 00:00:00'),
  (13, 'Susan', 'Rogers', 'susanrogers13', 'susan.rogers13@portiq.com', 'hashed_pw_13', '1968-12-01 00:00:00'),
  (14, 'Colin', 'Abbott', 'colinabbott14', 'colin.abbott14@portiq.com', 'hashed_pw_14', '1988-11-05 00:00:00'),
  (15, 'Lindsay', 'Blair', 'lindsayblair15', 'lindsay.blair15@portiq.com', 'hashed_pw_15', '1986-03-19 00:00:00'),
  (16, 'Teresa', 'Gray', 'teresagray16', 'teresa.gray16@portiq.com', 'hashed_pw_16', '1986-10-30 00:00:00'),
  (17, 'Maria', 'Montgomery', 'mariamontgomery17', 'maria.montgomery17@portiq.com', 'hashed_pw_17', '1998-11-28 00:00:00'),
  (18, 'Barbara', 'Bush', 'barbarabush18', 'barbara.bush18@portiq.com', 'hashed_pw_18', '1967-02-01 00:00:00'),
  (19, 'Jeremy', 'Roberts', 'jeremyroberts19', 'jeremy.roberts19@portiq.com', 'hashed_pw_19', '1968-05-30 00:00:00'),
  (20, 'Jesse', 'Garcia', 'jessegarcia20', 'jesse.garcia20@portiq.com', 'hashed_pw_20', '1976-02-21 00:00:00'),
  (21, 'Cynthia', 'Diaz', 'cynthiadiaz21', 'cynthia.diaz21@portiq.com', 'hashed_pw_21', '1979-09-27 00:00:00'),
  (22, 'Jason', 'Adams', 'jasonadams22', 'jason.adams22@portiq.com', 'hashed_pw_22', '2001-10-30 00:00:00'),
  (23, 'Deborah', 'Lynch', 'deborahlynch23', 'deborah.lynch23@portiq.com', 'hashed_pw_23', '1971-12-22 00:00:00'),
  (24, 'Jessica', 'Martin', 'jessicamartin24', 'jessica.martin24@portiq.com', 'hashed_pw_24', '1980-02-06 00:00:00'),
  (25, 'Veronica', 'Bowman', 'veronicabowman25', 'veronica.bowman25@portiq.com', 'hashed_pw_25', '1987-01-08 00:00:00'),
  (26, 'Gabrielle', 'Cameron', 'gabriellecameron26', 'gabrielle.cameron26@portiq.com', 'hashed_pw_26', '1995-07-26 00:00:00'),
  (27, 'Jeremy', 'Johnson', 'jeremyjohnson27', 'jeremy.johnson27@portiq.com', 'hashed_pw_27', '1977-08-08 00:00:00'),
  (28, 'Joseph', 'Clark', 'josephclark28', 'joseph.clark28@portiq.com', 'hashed_pw_28', '2002-01-27 00:00:00'),
  (29, 'Nancy', 'Edwards', 'nancyedwards29', 'nancy.edwards29@portiq.com', 'hashed_pw_29', '1990-11-11 00:00:00'),
  (30, 'Randall', 'Rocha', 'randallrocha30', 'randall.rocha30@portiq.com', 'hashed_pw_30', '1983-03-13 00:00:00');
INSERT INTO Role (RoleID, name, user_id) VALUES
  (101, 'Quantitative Trader', 1),
  (102, 'Data Analyst', 2),
  (103, 'Chief Information Officer', 3),
  (104, 'Beginner Investor', 4),
  (105, 'Data Analyst', 5),
  (106, 'Quantitative Trader', 6),
  (107, 'Beginner Investor', 7),
  (108, 'Risk Analyst', 8),
  (109, 'Risk Analyst', 9),
  (110, 'Portfolio Manager', 10),
  (111, 'Data Analyst', 11),
  (112, 'Data Analyst', 12),
  (113, 'Retail Investor', 13),
  (114, 'Quantitative Trader', 14),
  (115, 'Quantitative Trader', 15),
  (116, 'Data Analyst', 16),
  (117, 'Risk Analyst', 17),
  (118, 'Risk Analyst', 18),
  (119, 'Quantitative Trader', 19),
  (120, 'Risk Analyst', 20),
  (121, 'Retail Investor', 21),
  (122, 'Risk Analyst', 22),
  (123, 'Institutional Trader', 23),
  (124, 'Beginner Investor', 24),
  (125, 'Quantitative Trader', 25),
  (126, 'Portfolio Manager', 26),
  (127, 'Retail Investor', 27),
  (128, 'Financial Advisor', 28),
  (129, 'Beginner Investor', 29),
  (130, 'Portfolio Manager', 30);
INSERT INTO Permission (permission_id, Can_Read, Can_Write, Can_CREATE, table_id, role_id) VALUES
  (1001, TRUE, TRUE, FALSE, 2, 101),
  (1002, TRUE, TRUE, FALSE, 2, 102),
  (1003, TRUE, FALSE, FALSE, 6, 103),
  (1004, TRUE, FALSE, FALSE, 1, 104),
  (1005, TRUE, FALSE, FALSE, 9, 105),
  (1006, TRUE, TRUE, FALSE, 2, 106),
  (1007, TRUE, FALSE, FALSE, 10, 107),
  (1008, TRUE, FALSE, FALSE, 10, 108),
  (1009, TRUE, TRUE, TRUE, 1, 109),
  (1010, TRUE, TRUE, FALSE, 2, 110),
  (1011, TRUE, TRUE, TRUE, 7, 111),
  (1012, TRUE, FALSE, FALSE, 8, 112),
  (1013, TRUE, FALSE, FALSE, 3, 113),
  (1014, TRUE, FALSE, FALSE, 6, 114),
  (1015, TRUE, TRUE, FALSE, 2, 115),
  (1016, TRUE, TRUE, TRUE, 3, 116),
  (1017, TRUE, FALSE, FALSE, 7, 117),
  (1018, TRUE, FALSE, FALSE, 9, 118),
  (1019, TRUE, TRUE, FALSE, 1, 119),
  (1020, TRUE, TRUE, TRUE, 6, 120),
  (1021, TRUE, FALSE, FALSE, 5, 121),
  (1022, TRUE, TRUE, TRUE, 10, 122),
  (1023, TRUE, FALSE, FALSE, 4, 123),
  (1024, TRUE, FALSE, FALSE, 7, 124),
  (1025, TRUE, FALSE, FALSE, 3, 125),
  (1026, TRUE, FALSE, FALSE, 3, 126),
  (1027, TRUE, TRUE, FALSE, 10, 127),
  (1028, TRUE, FALSE, FALSE, 10, 128),
  (1029, TRUE, FALSE, FALSE, 6, 129),
  (1030, TRUE, TRUE, TRUE, 9, 130);
INSERT INTO Customer (customer_id, name, role_id) VALUES
  (2001, 'Teresa Gray', 116),
  (2002, 'Katrina Williams', 103),
  (2003, 'Veronica Bowman', 125),
  (2004, 'John Data', 102),
  (2005, 'Jane Doe', 104),
  (2006, 'Danielle Johnson', 105),
  (2007, 'Cynthia Diaz', 121),
  (2008, 'Jeffrey Doyle', 106),
  (2009, 'Jason Adams', 122),
  (2010, 'Colin Abbott', 114),
  (2011, 'Jesse Garcia', 120),
  (2012, 'Nancy Edwards', 129),
  (2013, 'Susan Rogers', 113),
  (2014, 'Barbara Bush', 118),
  (2015, 'Lindsay Blair', 115),
  (2016, 'Anthony Gonzalez', 109),
  (2017, 'Joseph Clark', 128),
  (2018, 'Randall Rocha', 130),
  (2019, 'Andrew Rock', 101),
  (2020, 'Lisa Smith', 111);
INSERT INTO Action (action_id, action_type, date, user_id) VALUES
  (3001, 'Executed trade', '2026-04-20 08:32:26.356860', 4),
  (3002, 'Executed trade', '2026-04-20 08:32:19.785903', 29),
  (3003, 'Created portfolio', '2026-04-20 08:34:13.092528', 25),
  (3004, 'Updated permissions', '2026-04-20 08:32:25.586979', 25),
  (3005, 'Executed trade', '2026-04-20 08:34:21.450957', 11),
  (3006, 'Uploaded trade log', '2026-04-20 08:36:14.216238', 10),
  (3007, 'Viewed market summary', '2026-04-20 08:33:14.784182', 6),
  (3008, 'Viewed market summary', '2026-04-20 08:32:09.955473', 1),
  (3009, 'Executed trade', '2026-04-20 08:36:50.113538', 29),
  (3010, 'Executed trade', '2026-04-20 08:33:54.429466', 9),
  (3011, 'Created portfolio', '2026-04-20 08:31:23.727388', 25),
  (3012, 'Ran cleaning pipeline', '2026-04-20 08:31:07.961895', 17),
  (3013, 'Uploaded trade log', '2026-04-20 08:31:30.473687', 28),
  (3014, 'Executed trade', '2026-04-20 08:34:36.880575', 10),
  (3015, 'Logged in', '2026-04-20 08:35:36.148571', 21),
  (3016, 'Created portfolio', '2026-04-20 08:33:22.977588', 20),
  (3017, 'Ran cleaning pipeline', '2026-04-20 08:31:13.869974', 5),
  (3018, 'Updated permissions', '2026-04-20 08:33:08.382943', 25),
  (3019, 'Ran cleaning pipeline', '2026-04-20 08:36:49.603697', 18),
  (3020, 'Logged in', '2026-04-20 08:34:01.481164', 30),
  (3021, 'Created portfolio', '2026-04-20 08:36:40.588216', 30),
  (3022, 'Uploaded trade log', '2026-04-20 08:36:00.880693', 20),
  (3023, 'Updated permissions', '2026-04-20 08:30:55.133168', 16),
  (3024, 'Uploaded trade log', '2026-04-20 08:35:10.459855', 4),
  (3025, 'Updated permissions', '2026-04-20 08:34:56.415733', 29),
  (3026, 'Logged in', '2026-04-20 08:34:04.309319', 26),
  (3027, 'Updated permissions', '2026-04-20 08:32:27.057068', 8),
  (3028, 'Uploaded trade log', '2026-04-20 08:34:41.746248', 8),
  (3029, 'Created portfolio', '2026-04-20 08:31:31.158782', 3),
  (3030, 'Uploaded trade log', '2026-04-20 08:33:27.515490', 24),
  (3031, 'Viewed market summary', '2026-04-20 08:33:34.340534', 27),
  (3032, 'Uploaded trade log', '2026-04-20 08:36:34.373734', 25),
  (3033, 'Created portfolio', '2026-04-20 08:36:06.307059', 25),
  (3034, 'Ran cleaning pipeline', '2026-04-20 08:32:25.820058', 5),
  (3035, 'Executed trade', '2026-04-20 08:33:51.211001', 16),
  (3036, 'Created portfolio', '2026-04-20 08:31:55.314677', 6),
  (3037, 'Updated permissions', '2026-04-20 08:36:19.546022', 17),
  (3038, 'Logged in', '2026-04-20 08:36:04.386685', 20),
  (3039, 'Viewed market summary', '2026-04-20 08:32:38.440125', 7),
  (3040, 'Created portfolio', '2026-04-20 08:34:41.021818', 25),
  (3041, 'Executed trade', '2026-04-20 08:34:30.229276', 23),
  (3042, 'Ran cleaning pipeline', '2026-04-20 08:31:46.022137', 23),
  (3043, 'Updated permissions', '2026-04-20 08:35:25.503888', 13),
  (3044, 'Executed trade', '2026-04-20 08:34:05.176451', 21),
  (3045, 'Updated permissions', '2026-04-20 08:35:31.305532', 15),
  (3046, 'Created portfolio', '2026-04-20 08:34:01.927322', 15),
  (3047, 'Uploaded trade log', '2026-04-20 08:30:51.205883', 8),
  (3048, 'Ran cleaning pipeline', '2026-04-20 08:32:47.696181', 3),
  (3049, 'Updated permissions', '2026-04-20 08:30:58.011627', 1),
  (3050, 'Created portfolio', '2026-04-20 08:36:25.475502', 18);
INSERT INTO DailySummary (summaryId, generated_at, summary_date, summary, user_id) VALUES
  (4001, '2026-04-10 18:00:00', '2026-04-10 00:00:00', 'Portfolio gained on strength in large-cap tech and broad market momentum.', 1),
  (4002, '2026-04-10 18:05:00', '2026-04-10 00:00:00', 'ETL pipeline completed and all dataset validation checks passed.', 2),
  (4003, '2026-04-10 18:10:00', '2026-04-10 00:00:00', 'Security review completed for role and permission changes.', 3),
  (4004, '2026-04-10 18:15:00', '2026-04-10 00:00:00', 'Beginner dashboard summary generated with top movers and benchmark comparison.', 4),
  (4005, '2026-04-20 08:36:07.339876', '2026-04-20 00:00:00', 'Dream drive note bad rule staff within.', 8),
  (4006, '2026-04-20 08:34:02.774221', '2026-04-20 00:00:00', 'Campaign little near enter their institution.', 19),
  (4007, '2026-04-20 08:32:07.247354', '2026-04-20 00:00:00', 'Sense ready require human public health tonight later easy ask.', 8),
  (4008, '2026-04-20 08:30:58.572334', '2026-04-20 00:00:00', 'Discover detail audience piece director town teacher audience draw protect.', 1),
  (4009, '2026-04-20 08:32:08.125251', '2026-04-20 00:00:00', 'Rich think office drug list imagine.', 3),
  (4010, '2026-04-20 08:31:24.957287', '2026-04-20 00:00:00', 'Great in tell approach president position art rock song.', 23),
  (4011, '2026-04-20 08:31:30.336852', '2026-04-20 00:00:00', 'Couple large instead everything economic type.', 21),
  (4012, '2026-04-20 08:33:30.527068', '2026-04-20 00:00:00', 'Better present music address behavior send door image loss ten.', 2),
  (4013, '2026-04-20 08:36:15.879431', '2026-04-20 00:00:00', 'Her world enter six lawyer institution.', 8),
  (4014, '2026-04-20 08:36:35.634351', '2026-04-20 00:00:00', 'Product main couple design around save article finish anyone live.', 3),
  (4015, '2026-04-20 08:36:21.979367', '2026-04-20 00:00:00', 'Church whether bag control organization push dog build three east.', 29),
  (4016, '2026-04-20 08:34:25.026895', '2026-04-20 00:00:00', 'Bank price north first end prove fire enter capital population lead.', 2),
  (4017, '2026-04-20 08:36:25.446599', '2026-04-20 00:00:00', 'Act perform none beyond Mrs.', 28),
  (4018, '2026-04-20 08:33:53.118490', '2026-04-20 00:00:00', 'Value thing these hard citizen street.', 11),
  (4019, '2026-04-20 08:35:04.274373', '2026-04-20 00:00:00', 'Worker southern more property never use billion there enough threat score.', 3),
  (4020, '2026-04-20 08:31:46.961247', '2026-04-20 00:00:00', 'Painting response data plant enough major town.', 17),
  (4021, '2026-04-20 08:35:55.597337', '2026-04-20 00:00:00', 'Plant stop analysis four capital.', 8),
  (4022, '2026-04-20 08:36:43.727263', '2026-04-20 00:00:00', 'Scientist necessary into act away third.', 9),
  (4023, '2026-04-20 08:36:16.414286', '2026-04-20 00:00:00', 'Along hard need involve among half value win always group.', 22),
  (4024, '2026-04-20 08:34:56.544008', '2026-04-20 00:00:00', 'Government nice themselves wind see.', 16),
  (4025, '2026-04-20 08:36:24.274976', '2026-04-20 00:00:00', 'Ten wish specific thing agent say forward.', 7),
  (4026, '2026-04-20 08:36:26.093719', '2026-04-20 00:00:00', 'Environment skin blue the teach develop staff.', 18),
  (4027, '2026-04-20 08:33:36.709164', '2026-04-20 00:00:00', 'Star the development process huge everything attorney.', 5),
  (4028, '2026-04-20 08:35:29.397589', '2026-04-20 00:00:00', 'Political hundred wonder movie voice boy wife condition.', 24),
  (4029, '2026-04-20 08:36:37.512354', '2026-04-20 00:00:00', 'Although others generation skill job worker break.', 30),
  (4030, '2026-04-20 08:36:14.821704', '2026-04-20 00:00:00', 'Effort remember ability understand Mrs rest.', 29),
  (4031, '2026-04-20 08:35:18.102028', '2026-04-20 00:00:00', 'Hair attorney professional form finish summer.', 19),
  (4032, '2026-04-20 08:35:10.111535', '2026-04-20 00:00:00', 'Medical project for recent never court professor.', 19),
  (4033, '2026-04-20 08:33:07.492300', '2026-04-20 00:00:00', 'Past feeling nature a expert involve.', 16),
  (4034, '2026-04-20 08:34:19.794521', '2026-04-20 00:00:00', 'Let kind degree list top somebody college be.', 8),
  (4035, '2026-04-20 08:33:56.562724', '2026-04-20 00:00:00', 'Friend stand seem pull different current agency each little sure authority.', 26),
  (4036, '2026-04-20 08:33:20.198764', '2026-04-20 00:00:00', 'Offer responsibility himself hundred challenge reach throughout team those sing despite.', 16),
  (4037, '2026-04-20 08:35:40.479548', '2026-04-20 00:00:00', 'Let newspaper true building card let most next fish sense.', 26),
  (4038, '2026-04-20 08:33:30.326433', '2026-04-20 00:00:00', 'Interview trade knowledge city technology late seem style everyone.', 14),
  (4039, '2026-04-20 08:35:30.962941', '2026-04-20 00:00:00', 'Phone ever back experience even floor music catch discuss.', 7),
  (4040, '2026-04-20 08:35:00.821932', '2026-04-20 00:00:00', 'Ask imagine my indeed deal information.', 4),
  (4041, '2026-04-20 08:36:16.741852', '2026-04-20 00:00:00', 'Watch affect thing offer local wall fear hope through structure.', 4),
  (4042, '2026-04-20 08:34:04.759404', '2026-04-20 00:00:00', 'Son today major event magazine home protect something right subject.', 22),
  (4043, '2026-04-20 08:36:22.034983', '2026-04-20 00:00:00', 'Move trade option production base investment term consider employee force lawyer.', 14),
  (4044, '2026-04-20 08:32:52.500197', '2026-04-20 00:00:00', 'Everything week instead strong like see appear weight.', 12),
  (4045, '2026-04-20 08:32:11.719980', '2026-04-20 00:00:00', 'Sit prepare senior wear current.', 14),
  (4046, '2026-04-20 08:30:58.336806', '2026-04-20 00:00:00', 'Draw list boy way let eight.', 14),
  (4047, '2026-04-20 08:33:03.802263', '2026-04-20 00:00:00', 'Parent security boy standard who blue agent find quality when.', 15),
  (4048, '2026-04-20 08:33:13.795599', '2026-04-20 00:00:00', 'Away real physical big significant sure.', 28),
  (4049, '2026-04-20 08:34:27.148181', '2026-04-20 00:00:00', 'Someone not American mouth product attention.', 24),
  (4050, '2026-04-20 08:34:44.115571', '2026-04-20 00:00:00', 'Support state black whether.', 2);
INSERT INTO ChatSession (session_id, status, messages, user_id) VALUES
  (5001, 'active', 'What moved my portfolio today?', 4),
  (5002, 'closed', 'Show me current portfolio P&L.', 1),
  (5003, 'closed', 'Religious itself safe whole establish space Mrs.', 21),
  (5004, 'closed', 'Let stay or focus early various everything.', 4),
  (5005, 'active', 'During let particular her agreement surface consider.', 13),
  (5006, 'closed', 'Great election evidence other they.', 11),
  (5007, 'active', 'Act way beat result major serve real.', 8),
  (5008, 'active', 'Large admit family identify during professional hard.', 7),
  (5009, 'closed', 'Most international second former reflect even edge.', 15),
  (5010, 'active', 'Return firm sea week.', 14),
  (5011, 'active', 'Course school everybody operation.', 9),
  (5012, 'closed', 'Others wonder strategy fast guess few remain.', 8),
  (5013, 'active', 'Ever window network recently.', 15),
  (5014, 'closed', 'Point sell bill activity.', 4),
  (5015, 'active', 'Light key continue anything wait.', 21),
  (5016, 'closed', 'Box assume man officer rather charge specific.', 27),
  (5017, 'active', 'Be easy newspaper indicate other.', 3),
  (5018, 'active', 'Difficult mission late kind team wrong figure perform.', 6),
  (5019, 'closed', 'Whether between several personal enough ball dream necessary.', 16),
  (5020, 'closed', 'Able late order fact.', 7),
  (5021, 'closed', 'Explain executive teacher author do.', 29),
  (5022, 'active', 'Skin person product value interesting.', 6),
  (5023, 'closed', 'Different chance enter central arrive society organization.', 1),
  (5024, 'closed', 'Tv keep light fight I evening music.', 9),
  (5025, 'closed', 'Ball always it focus economy before.', 10),
  (5026, 'closed', 'Onto again share start office several compare.', 23),
  (5027, 'closed', 'Prepare trouble consider one play man before.', 26),
  (5028, 'closed', 'Impact fly bit claim in many.', 22),
  (5029, 'closed', 'Spend nearly lawyer fire follow wife.', 16),
  (5030, 'active', 'Ten stay ability thank left approach.', 7),
  (5031, 'closed', 'Gun series personal service data near until.', 7),
  (5032, 'active', 'Thing machine ahead picture son report.', 19),
  (5033, 'closed', 'Nearly need behavior yeah tree.', 18),
  (5034, 'active', 'Water positive child usually factor relate indeed.', 24),
  (5035, 'closed', 'Woman during necessary himself two meet these.', 2),
  (5036, 'active', 'Everybody so increase various.', 19),
  (5037, 'closed', 'Environment able rise study oil process tend.', 17),
  (5038, 'closed', 'Mrs generation necessary myself lay focus country.', 6),
  (5039, 'active', 'Occur do simply analysis seat.', 17),
  (5040, 'active', 'History professional star wonder manager already.', 28),
  (5041, 'active', 'Whole forward beyond suddenly between treat address.', 3),
  (5042, 'closed', 'Improve pressure child light.', 3),
  (5043, 'closed', 'Full realize power system system.', 28),
  (5044, 'active', 'Here first responsibility service their along attention.', 13),
  (5045, 'active', 'Range explain dinner bed within set region beyond.', 29),
  (5046, 'closed', 'Really tough animal someone.', 8),
  (5047, 'closed', 'Grow issue each include radio.', 20),
  (5048, 'active', 'Color bad that people.', 20),
  (5049, 'active', 'Marriage on discussion point least.', 14),
  (5050, 'closed', 'Together let explain.', 19);
INSERT INTO Dataset (dataset_id, name, type, user_id) VALUES
  (1001, 'Raw Trading Data', 'CSV', 2),
  (1002, 'Cleaned Trading Data', 'Processed Table', 2),
  (1003, 'Portfolio Dashboard Feed', 'Dashboard Source', 2),
  (1004, 'Jane Beginner Feed', 'Dashboard Source', 2),
  (1005, 'Incubate Granular Partnerships', 'Excel', 2),
  (1006, 'Grow Cross-Media Applications', 'Excel', 2),
  (1007, 'Monetize Cutting-Edge Portals', 'JSON', 2),
  (1008, 'Target Seamless Solutions', 'Excel', 2),
  (1009, 'Synergize Compelling Platforms', 'JSON', 2),
  (1010, 'Incentivize Enterprise Networks', 'Excel', 2),
  (1011, 'Seize Distributed Technologies', 'API Feed', 2),
  (1012, 'Utilize Impactful Niches', 'JSON', 2),
  (1013, 'Implement Scalable Metrics', 'Excel', 2),
  (1014, 'Extend Rich Technologies', 'API Feed', 2),
  (1015, 'Revolutionize Bleeding-Edge Metrics', 'Excel', 2),
  (1016, 'Exploit Synergistic E-Services', 'CSV', 2),
  (1017, 'Whiteboard Dynamic E-Business', 'CSV', 2),
  (1018, 'Morph Global Functionalities', 'API Feed', 2),
  (1019, 'Transform Revolutionary Content', 'CSV', 2),
  (1020, 'Generate Visionary Paradigms', 'CSV', 2),
  (1021, 'Benchmark Bricks-And-Clicks Channels', 'JSON', 2),
  (1022, 'Evolve Distributed Vortals', 'Excel', 2),
  (1023, 'Extend Next-Generation Roi', 'JSON', 2),
  (1024, 'Aggregate End-To-End Users', 'Excel', 2),
  (1025, 'Matrix Bricks-And-Clicks Deliverables', 'CSV', 2),
  (1026, 'Deliver Real-Time Communities', 'JSON', 2),
  (1027, 'Morph Compelling Technologies', 'Excel', 2),
  (1028, 'Extend Cross-Platform Initiatives', 'Excel', 2),
  (1029, 'Target Intuitive Eyeballs', 'JSON', 2),
  (1030, 'Engineer Magnetic Methodologies', 'API Feed', 2);
INSERT INTO DataCleaningMethod (method_id, method_order, parameter, method_type, CleaningDataSet) VALUES
  (6001, 1, 'drop_duplicates=true', 'Duplicate Removal', 1001),
  (6002, 2, 'remove_nulls=true', 'Null Removal', 1001),
  (6003, 3, 'standardize_ticker_format=true', 'Formatting', 1001),
  (6004, 1, 'winsorize_outliers=0.01', 'Outlier Handling', 1002),
  (6005, 2, 'normalize_numeric_fields=true', 'Normalization', 1002),
  (6006, 3, 'normalize=true', 'Normalization', 1020),
  (6007, 1, 'normalize=true', 'Normalization', 1022),
  (6008, 3, 'normalize=true', 'Normalization', 1030),
  (6009, 2, 'drop_duplicates=true', 'Duplicate Removal', 1009),
  (6010, 1, 'drop_duplicates=true', 'Duplicate Removal', 1024),
  (6011, 2, 'normalize=true', 'Normalization', 1009),
  (6012, 5, 'standardize_format=true', 'Formatting', 1007),
  (6013, 2, 'standardize_format=true', 'Formatting', 1022),
  (6014, 5, 'standardize_format=true', 'Formatting', 1016),
  (6015, 1, 'standardize_format=true', 'Formatting', 1003),
  (6016, 3, 'winsorize=0.01', 'Outlier Handling', 1002),
  (6017, 3, 'drop_duplicates=true', 'Duplicate Removal', 1025),
  (6018, 3, 'remove_nulls=true', 'Null Removal', 1006),
  (6019, 5, 'winsorize=0.01', 'Outlier Handling', 1023),
  (6020, 5, 'winsorize=0.01', 'Outlier Handling', 1001),
  (6021, 1, 'drop_duplicates=true', 'Duplicate Removal', 1029),
  (6022, 5, 'remove_nulls=true', 'Null Removal', 1002),
  (6023, 5, 'standardize_format=true', 'Formatting', 1018),
  (6024, 4, 'remove_nulls=true', 'Null Removal', 1005),
  (6025, 3, 'drop_duplicates=true', 'Duplicate Removal', 1012),
  (6026, 3, 'drop_duplicates=true', 'Duplicate Removal', 1007),
  (6027, 1, 'remove_nulls=true', 'Null Removal', 1012),
  (6028, 4, 'normalize=true', 'Normalization', 1020),
  (6029, 2, 'remove_nulls=true', 'Null Removal', 1028),
  (6030, 2, 'remove_nulls=true', 'Null Removal', 1029),
  (6031, 1, 'winsorize=0.01', 'Outlier Handling', 1006),
  (6032, 4, 'standardize_format=true', 'Formatting', 1026),
  (6033, 3, 'remove_nulls=true', 'Null Removal', 1006),
  (6034, 4, 'drop_duplicates=true', 'Duplicate Removal', 1028),
  (6035, 4, 'drop_duplicates=true', 'Duplicate Removal', 1008),
  (6036, 4, 'remove_nulls=true', 'Null Removal', 1012),
  (6037, 2, 'standardize_format=true', 'Formatting', 1008),
  (6038, 2, 'drop_duplicates=true', 'Duplicate Removal', 1013),
  (6039, 3, 'standardize_format=true', 'Formatting', 1028),
  (6040, 3, 'drop_duplicates=true', 'Duplicate Removal', 1012),
  (6041, 4, 'normalize=true', 'Normalization', 1022),
  (6042, 3, 'normalize=true', 'Normalization', 1001),
  (6043, 3, 'drop_duplicates=true', 'Duplicate Removal', 1006),
  (6044, 3, 'normalize=true', 'Normalization', 1002),
  (6045, 5, 'drop_duplicates=true', 'Duplicate Removal', 1014),
  (6046, 3, 'standardize_format=true', 'Formatting', 1014),
  (6047, 5, 'normalize=true', 'Normalization', 1004),
  (6048, 5, 'winsorize=0.01', 'Outlier Handling', 1007),
  (6049, 1, 'standardize_format=true', 'Formatting', 1023),
  (6050, 1, 'winsorize=0.01', 'Outlier Handling', 1017);
INSERT INTO Visualization (visualization_id, title, chart_type, VizDataSet) VALUES
  (7001, 'Andrew Performance Trend', 'Line Chart', 1003),
  (7002, 'Andrew Asset Allocation', 'Pie Chart', 1003),
  (7003, 'John Dataset Quality', 'Bar Chart', 1002),
  (7004, 'Jane Portfolio Overview', 'Area Chart', 1004),
  (7005, 'Drive Impactful Schemas', 'Scatter Plot', 1022),
  (7006, 'Disintermediate E-Business Interfaces', 'Heatmap', 1024),
  (7007, 'Implement Back-End Users', 'Heatmap', 1022),
  (7008, 'Embrace Ubiquitous Relationships', 'Bar Chart', 1012),
  (7009, 'Innovate Back-End Applications', 'Area Chart', 1003),
  (7010, 'Synergize Out-Of-The-Box Platforms', 'Heatmap', 1030),
  (7011, 'Innovate Bleeding-Edge Info-Mediaries', 'Pie Chart', 1020),
  (7012, 'Utilize World-Class E-Business', 'Pie Chart', 1022),
  (7013, 'Enhance Innovative Functionalities', 'Line Chart', 1024),
  (7014, 'Transition Plug-And-Play Content', 'Pie Chart', 1017),
  (7015, 'Visualize Transparent Initiatives', 'Pie Chart', 1022),
  (7016, 'Enable Revolutionary Paradigms', 'Area Chart', 1011),
  (7017, 'Monetize Rich Initiatives', 'Area Chart', 1023),
  (7018, 'Transform Web-Enabled Users', 'Pie Chart', 1018),
  (7019, 'Enable Integrated Bandwidth', 'Bar Chart', 1007),
  (7020, 'Disintermediate Next-Generation Applications', 'Area Chart', 1022),
  (7021, 'Extend B2C E-Markets', 'Area Chart', 1022),
  (7022, 'Visualize Mission-Critical Models', 'Heatmap', 1029),
  (7023, 'Re-Intermediate Transparent Niches', 'Bar Chart', 1020),
  (7024, 'Integrate Out-Of-The-Box E-Tailers', 'Scatter Plot', 1010),
  (7025, 'Grow Visionary Action-Items', 'Area Chart', 1018),
  (7026, 'Iterate Bricks-And-Clicks Platforms', 'Line Chart', 1010),
  (7027, 'Innovate Out-Of-The-Box Users', 'Pie Chart', 1007),
  (7028, 'Productize Synergistic Markets', 'Area Chart', 1026),
  (7029, 'Strategize Efficient Solutions', 'Scatter Plot', 1020),
  (7030, 'Embrace Ubiquitous Infrastructures', 'Heatmap', 1011);
INSERT INTO DashBoard (dashboard_id, title, visibility, VizDash) VALUES
  (8001, 'Andrew Trading Dashboard', TRUE, 7001),
  (8002, 'Andrew Allocation View', TRUE, 7002),
  (8003, 'John Admin Dashboard', TRUE, 7003),
  (8004, 'Jane Beginner Dashboard', TRUE, 7004),
  (8005, 'Repurpose Killer Experiences', TRUE, 7015),
  (8006, 'Whiteboard Vertical Markets', TRUE, 7022),
  (8007, 'Generate Open-Source Action-Items', TRUE, 7017),
  (8008, 'Enable Best-Of-Breed Partnerships', TRUE, 7026),
  (8009, 'E-Enable Best-Of-Breed Applications', FALSE, 7006),
  (8010, 'Architect Bleeding-Edge Supply-Chains', FALSE, 7003),
  (8011, 'Revolutionize B2B Metrics', TRUE, 7017),
  (8012, 'Implement Efficient Eyeballs', FALSE, 7021),
  (8013, 'Enable Dot-Com Roi', FALSE, 7011),
  (8014, 'Embrace Proactive Channels', TRUE, 7027),
  (8015, 'Implement Synergistic Action-Items', TRUE, 7022),
  (8016, 'Benchmark World-Class Web-Readiness', TRUE, 7008),
  (8017, 'Reinvent Back-End Markets', TRUE, 7005),
  (8018, 'Enable Next-Generation Deliverables', TRUE, 7002),
  (8019, 'Embrace Innovative Info-Mediaries', TRUE, 7016),
  (8020, 'Grow Bricks-And-Clicks Mindshare', FALSE, 7028),
  (8021, 'Benchmark Sticky Systems', TRUE, 7015),
  (8022, 'Deliver Magnetic E-Business', TRUE, 7029),
  (8023, 'Integrate Seamless Bandwidth', FALSE, 7019),
  (8024, 'Visualize Proactive Markets', TRUE, 7023),
  (8025, 'Syndicate Wireless E-Commerce', FALSE, 7013),
  (8026, 'Innovate Sticky Models', TRUE, 7013),
  (8027, 'Unleash Visionary Partnerships', TRUE, 7005),
  (8028, 'Productize Strategic Vortals', FALSE, 7023),
  (8029, 'Expedite B2B Partnerships', TRUE, 7029),
  (8030, 'Enable Efficient E-Business', TRUE, 7025);
INSERT INTO DashboardLayout (layout_id, name, source, layout_dash) VALUES
  (9001, 'Quant Trader Main Layout', 'Figma', 8001),
  (9002, 'Quant Trader Allocation Layout', 'Figma', 8002),
  (9003, 'Data Analyst Builder Layout', 'Figma', 8003),
  (9004, 'Beginner Guided Layout', 'Figma', 8004),
  (9005, 'Whiteboard World-Class Architectures', 'CSS', 8005),
  (9006, 'Expedite Distributed Bandwidth', 'Figma', 8006),
  (9007, 'Deliver User-Centric Platforms', 'Figma', 8007),
  (9008, 'Generate One-To-One Experiences', 'Tailwind', 8008),
  (9009, 'Visualize Killer E-Commerce', 'Tailwind', 8009),
  (9010, 'Grow Bleeding-Edge E-Markets', 'CSS', 8010),
  (9011, 'Facilitate Ubiquitous Interfaces', 'Figma', 8011),
  (9012, 'Deploy Mission-Critical Vortals', 'Tailwind', 8012),
  (9013, 'Brand Turn-Key Web Services', 'Figma', 8013),
  (9014, 'Morph Out-Of-The-Box Eyeballs', 'Figma', 8014),
  (9015, 'Innovate Collaborative Partnerships', 'CSS', 8015),
  (9016, 'Evolve Strategic Infrastructures', 'Figma', 8016),
  (9017, 'Brand Mission-Critical Relationships', 'CSS', 8017),
  (9018, 'Exploit End-To-End Schemas', 'Tailwind', 8018),
  (9019, 'Streamline Open-Source Web Services', 'Tailwind', 8019),
  (9020, 'Embrace Transparent Convergence', 'Tailwind', 8020),
  (9021, 'Cultivate Cutting-Edge Markets', 'Tailwind', 8021),
  (9022, 'Envisioneer Extensible Convergence', 'CSS', 8022),
  (9023, 'Transform Killer Eyeballs', 'CSS', 8023),
  (9024, 'Repurpose Compelling E-Services', 'Tailwind', 8024),
  (9025, 'Iterate Sticky Convergence', 'Tailwind', 8025),
  (9026, 'Iterate Out-Of-The-Box Initiatives', 'Tailwind', 8026),
  (9027, 'Engineer Efficient Networks', 'CSS', 8027),
  (9028, 'Enhance Cutting-Edge Schemas', 'Tailwind', 8028),
  (9029, 'Revolutionize Proactive Metrics', 'CSS', 8029),
  (9030, 'Re-Contextualize Real-Time Web-Readiness', 'Figma', 8030);
INSERT INTO Portfolio (portfolio_id, portfolio_name, created_at, total_value, confidence, currency, user_id) VALUES
  (101, 'Andrew Main Portfolio', '2026-01-01 09:00:00', 1487520, 'High', 'USD', 1),
  (102, 'Jane Beginner Portfolio', '2026-02-01 10:00:00', 245800, 'Medium', 'USD', 4),
  (103, 'Park Portfolio', '2024-08-29 16:02:38.756265', 1816685, 'Medium', 'USD', 24),
  (104, 'Morgan Portfolio', '2024-12-01 14:02:04.272407', 553564, 'Low', 'USD', 15),
  (105, 'Kane Portfolio', '2024-04-24 08:08:14.370481', 1347272, 'Medium', 'USD', 27),
  (106, 'Morales Portfolio', '2025-06-07 13:30:25.681637', 1640902, 'High', 'USD', 25),
  (107, 'Schultz Portfolio', '2024-08-01 12:21:29.937410', 1324386, 'Low', 'USD', 16),
  (108, 'Reese Portfolio', '2024-05-12 06:33:23.883709', 932479, 'Low', 'USD', 9),
  (109, 'Barnes Portfolio', '2024-09-24 00:40:44.552438', 609215, 'Low', 'USD', 23),
  (110, 'Wood Portfolio', '2024-12-24 21:29:05.277758', 714323, 'Medium', 'USD', 9),
  (111, 'Frank Portfolio', '2025-09-28 23:41:46.130892', 1142781, 'Low', 'USD', 29),
  (112, 'Miller Portfolio', '2025-06-08 11:48:54.709083', 326314, 'Low', 'USD', 5),
  (113, 'Moore Portfolio', '2024-05-28 07:24:05.754383', 1465318, 'Low', 'USD', 13),
  (114, 'Craig Portfolio', '2025-07-15 04:40:29.373774', 458691, 'Low', 'USD', 23),
  (115, 'Stanley Portfolio', '2024-11-04 15:26:36.240251', 864797, 'Medium', 'USD', 14),
  (116, 'Ramos Portfolio', '2025-04-09 15:26:00.574896', 987114, 'Medium', 'USD', 18),
  (117, 'Fischer Portfolio', '2024-11-05 10:05:48.643080', 443763, 'Medium', 'USD', 2),
  (118, 'Jordan Portfolio', '2024-07-12 00:28:36.136920', 1907583, 'High', 'USD', 13),
  (119, 'Gregory Portfolio', '2024-11-12 18:48:25.189792', 50961, 'High', 'USD', 23),
  (120, 'Estrada Portfolio', '2025-04-10 08:27:26.465946', 1010299, 'Low', 'USD', 13),
  (121, 'Foster Portfolio', '2024-05-23 01:19:30.092798', 636236, 'Medium', 'USD', 12),
  (122, 'Smith Portfolio', '2025-07-01 16:06:42.132030', 1879907, 'Medium', 'USD', 28),
  (123, 'Clark Portfolio', '2024-11-26 01:24:12.954038', 1577653, 'High', 'USD', 18),
  (124, 'Scott Portfolio', '2024-07-29 03:00:54.634504', 1687445, 'High', 'USD', 18),
  (125, 'Smith Portfolio', '2024-12-15 13:32:42.000009', 472503, 'Medium', 'USD', 29),
  (126, 'Thompson Portfolio', '2025-10-17 13:18:45.037605', 582386, 'Medium', 'USD', 8),
  (127, 'Padilla Portfolio', '2025-01-22 14:40:14.104660', 70869, 'Medium', 'USD', 16),
  (128, 'Whitaker Portfolio', '2025-04-20 07:24:12.507585', 1412729, 'High', 'USD', 11),
  (129, 'Jones Portfolio', '2025-11-29 18:55:41.669209', 857913, 'High', 'USD', 26),
  (130, 'Williams Portfolio', '2026-01-09 09:02:49.697940', 1772668, 'Medium', 'USD', 6),
  (131, 'Morse Portfolio', '2024-05-03 13:39:35.697582', 277654, 'High', 'USD', 30),
  (132, 'Johnston Portfolio', '2026-01-09 15:06:24.845420', 66552, 'Medium', 'USD', 18),
  (133, 'Mckinney Portfolio', '2025-06-12 17:36:17.280513', 1193615, 'High', 'USD', 19),
  (134, 'Wilson Portfolio', '2025-02-18 23:51:44.669325', 186050, 'High', 'USD', 1),
  (135, 'Nguyen Portfolio', '2024-05-05 02:44:21.345664', 294582, 'Medium', 'USD', 14),
  (136, 'Montgomery Portfolio', '2025-11-26 05:24:33.873077', 115454, 'Medium', 'USD', 6),
  (137, 'Gillespie Portfolio', '2025-12-18 15:41:23.638597', 696508, 'Low', 'USD', 13),
  (138, 'Richard Portfolio', '2024-06-23 06:08:10.068900', 695445, 'Medium', 'USD', 15),
  (139, 'Chapman Portfolio', '2024-10-14 14:46:38.926932', 1854738, 'Medium', 'USD', 25);
INSERT INTO PortfolioSnapshot (snapshot_id, snapshot_date, insight_narrative, daily_change_pct, ttlv_value, SessionID, port_id) VALUES
  (11001, '2026-04-20 08:35:25.313258', 'That second develop single baby plan most create.', -0.83, 1902896.2, 5001, 101),
  (11002, '2026-04-20 08:36:10.721081', 'Road standard spring door chair culture own set.', 0.03, 1671472.72, 5002, 102),
  (11003, '2026-04-20 08:35:48.991622', 'Week physical less nor often race.', 0.32, 1500558.28, 5003, 103),
  (11004, '2026-04-20 08:36:29.768668', 'Follow wife firm key light place someone option goal avoid left.', -2.19, 1904320.19, 5004, 104),
  (11005, '2026-04-20 08:33:57.769304', 'Story baby ten talk past medical leg never.', -1.15, 146550.56, 5005, 105),
  (11006, '2026-04-20 08:36:13.527204', 'Last special prepare focus little.', 3.24, 90113.69, 5006, 106),
  (11007, '2026-04-20 08:34:18.154994', 'Late specific study word base.', -2.31, 502093.77, 5007, 107),
  (11008, '2026-04-20 08:35:47.302876', 'Easy just keep mission city.', 2.54, 1246457.96, 5008, 108),
  (11009, '2026-04-20 08:34:58.113357', 'Hold simple quickly appear piece free form.', -1.07, 952386.51, 5009, 109),
  (11010, '2026-04-20 08:35:31.433378', 'Exist rich prevent trade their four old center.', -1.81, 1896036.47, 5010, 110),
  (11011, '2026-04-20 08:34:53.967742', 'Can remember be next poor foreign campaign reflect.', 0.29, 519924.96, 5011, 111),
  (11012, '2026-04-20 08:36:41.479553', 'Behavior provide meet adult final week game she court yourself.', -0.29, 1215726.46, 5012, 112),
  (11013, '2026-04-20 08:34:18.890131', 'Such big side strong this also from.', 3.28, 1439530.88, 5013, 113),
  (11014, '2026-04-20 08:36:08.935369', 'Others child Congress realize person total.', 2.17, 335893.96, 5014, 114),
  (11015, '2026-04-20 08:36:00.812940', 'Improve put down know expect.', -0.63, 1161582.62, 5015, 115),
  (11016, '2026-04-20 08:36:05.736573', 'Doctor dream whole six tough create question now key.', 3.07, 1155835.49, 5016, 116),
  (11017, '2026-04-20 08:36:09.498939', 'Me industry class current painting their appear lose.', 2.95, 756860.85, 5017, 117),
  (11018, '2026-04-20 08:34:57.818179', 'Represent middle by base civil.', 3.15, 404676.26, 5018, 118),
  (11019, '2026-04-20 08:35:11.877460', 'Challenge join watch develop later glass ago apply maybe dog.', 1.05, 1662837.55, 5019, 119),
  (11020, '2026-04-20 08:36:50.014563', 'Different five between research friend certainly although true.', -1.04, 1397414.07, 5020, 120),
  (11021, '2026-04-20 08:35:16.041888', 'Serve light past town affect democratic.', -0.69, 1371675.49, 5021, 121),
  (11022, '2026-04-20 08:34:17.913531', 'Month book explain feeling answer information soldier lead book toward.', 2.33, 1594492.16, 5022, 122),
  (11023, '2026-04-20 08:35:38.413028', 'Place offer responsibility fact.', 0.9, 91727.57, 5023, 123),
  (11024, '2026-04-20 08:33:51.281580', 'Drive indicate professor beat window attack moment medical.', 0.7, 1326427.47, 5024, 124),
  (11025, '2026-04-20 08:36:48.899668', 'After them analysis hit health section ground attack drop price.', -2.09, 1298611.08, 5025, 125),
  (11026, '2026-04-20 08:34:09.659496', 'Same forward and national spend compare single let receive place.', -2.42, 845916.89, 5026, 126),
  (11027, '2026-04-20 08:36:17.069583', 'Respond want already cut social.', 0.44, 872711.57, 5027, 127),
  (11028, '2026-04-20 08:36:30.442269', 'Value middle writer myself education send course ground.', -0.33, 1784234.28, 5028, 128),
  (11029, '2026-04-20 08:36:11.551482', 'Event son join hundred keep what fund cost.', 0.26, 314452.39, 5029, 129),
  (11030, '2026-04-20 08:35:55.572328', 'Under mind song risk bad own state nation.', -1.44, 1048276.03, 5030, 130),
  (11031, '2026-04-20 08:34:48.818057', 'Foreign fast knowledge response coach.', 1.4, 1235665.58, 5031, 131),
  (11032, '2026-04-20 08:35:10.903509', 'Amount thank good your ever woman way avoid point.', 3.02, 1551536.49, 5032, 132),
  (11033, '2026-04-20 08:34:56.396003', 'Well central parent sit alone attack.', 0.29, 1653211.85, 5033, 133),
  (11034, '2026-04-20 08:36:11.132767', 'Gun we allow check last he know baby.', 1.05, 651386.12, 5034, 134),
  (11035, '2026-04-20 08:34:15.785119', 'Huge power economic box save material hit no.', -1.03, 1869897.54, 5035, 135),
  (11036, '2026-04-20 08:34:38.119802', 'Region Democrat partner really your customer career.', -0.83, 907095.98, 5036, 136),
  (11037, '2026-04-20 08:34:04.329367', 'Together knowledge because radio suffer floor.', 2.0, 1144000.79, 5037, 137),
  (11038, '2026-04-20 08:34:53.536553', 'Nearly face feel church remember.', 1.51, 679429.27, 5038, 138),
  (11039, '2026-04-20 08:35:57.039466', 'Soldier meeting building cut catch so.', 0.47, 656778.19, 5039, 139);
INSERT INTO StockPosition (position_id, avg_cost, unrealized_PNL, price_target, acquired_date, market_value, qty_held, port_id) VALUES
  (12001, 180.5, 15200.75, 230.0, '2025-12-01 00:00:00', 106240.0, 500, 101),
  (12002, 400.25, 8200.4, 460.0, '2025-11-15 00:00:00', 107167.5, 250, 101),
  (12003, 650.1, 27550.9, 980.0, '2026-01-20 00:00:00', 270336.0, 300, 101),
  (12004, 505.3, 4550.1, 560.0, '2026-02-10 00:00:00', 51824.0, 100, 101),
  (12005, 195.0, 1400.0, 230.0, '2026-02-12 00:00:00', 21248.0, 100, 102),
  (12006, 510.0, 824.0, 540.0, '2026-02-15 00:00:00', 10364.0, 20, 102),
  (12007, 415.66, 6911.86, 564.51, '2024-05-09 01:53:33.612969', 96788.26, 191, 118),
  (12008, 466.84, -2003.55, 607.84, '2025-05-29 13:55:22.226597', 163631.0, 274, 132),
  (12009, 466.38, 17606.6, 569.82, '2025-01-14 08:39:41.379679', 72960.68, 133, 102),
  (12010, 119.79, 3515.68, 153.62, '2025-11-27 22:29:32.639883', 15644.16, 123, 124),
  (12011, 404.95, 29882.1, 503.21, '2025-05-27 20:17:39.219435', 118058.45, 281, 123),
  (12012, 577.14, 3068.83, 751.7, '2025-07-10 21:28:08.132794', 87351.34, 148, 121),
  (12013, 139.67, 19155.72, 156.02, '2024-06-21 20:34:52.214277', 50786.76, 284, 131),
  (12014, 257.37, 13362.29, 295.73, '2024-12-01 19:25:31.483150', 103305.72, 311, 107),
  (12015, 674.47, 1280.45, 711.53, '2026-04-20 01:29:52.840989', 107611.63, 161, 135),
  (12016, 144.94, 14367.56, 187.57, '2025-09-26 23:57:36.018983', 6168.75, 33, 109),
  (12017, 528.4, 25545.19, 660.99, '2025-05-08 21:19:45.449914', 228828.29, 395, 131),
  (12018, 409.04, -3201.81, 564.22, '2025-11-02 17:42:18.163593', 73287.36, 184, 131),
  (12019, 135.57, -2407.12, 172.22, '2025-12-12 07:28:17.737006', 6180.93, 43, 104),
  (12020, 163.8, 5634.24, 228.97, '2024-06-12 18:03:18.129261', 78326.33, 425, 108),
  (12021, 468.55, 22675.93, 528.99, '2026-03-31 04:22:21.615478', 119378.83, 223, 134),
  (12022, 335.28, 25105.83, 468.22, '2025-08-02 02:15:19.035441', 171534.94, 475, 120),
  (12023, 476.47, 20903.13, 658.32, '2025-03-14 13:49:24.734271', 21800.45, 40, 114),
  (12024, 519.14, 497.0, 576.68, '2025-08-29 16:25:37.931771', 87633.34, 145, 105),
  (12025, 167.4, 15783.39, 192.83, '2024-12-27 12:57:22.294579', 39600.83, 219, 115),
  (12026, 266.08, 10891.1, 343.4, '2026-01-21 05:03:19.770695', 48401.03, 154, 117),
  (12027, 640.87, 23136.7, 717.29, '2025-11-10 20:16:34.696099', 240231.55, 330, 108),
  (12028, 458.42, 4297.14, 504.16, '2025-07-31 05:38:36.859217', 150005.18, 341, 104),
  (12029, 174.44, 23848.41, 239.4, '2024-08-30 19:10:53.406027', 33152.14, 167, 129),
  (12030, 143.27, 9087.8, 164.09, '2026-03-26 17:09:55.680244', 52985.89, 362, 135),
  (12031, 420.35, 26129.8, 549.43, '2025-03-01 21:32:35.153471', 24422.31, 51, 139),
  (12032, 237.78, 18600.44, 321.28, '2026-02-14 03:14:57.769727', 13203.43, 56, 138),
  (12033, 763.09, 4432.89, 811.99, '2024-05-30 08:33:53.033266', 357686.2, 401, 112),
  (12034, 402.88, 4735.48, 563.6, '2024-07-19 13:49:30.961272', 148813.35, 343, 128),
  (12035, 526.09, 11450.36, 627.58, '2024-08-09 15:41:07.199165', 176802.73, 261, 121),
  (12036, 552.6, 9407.58, 676.06, '2024-08-18 03:46:49.121822', 239267.04, 449, 126),
  (12037, 660.17, -1917.91, 751.5, '2024-12-11 13:49:19.923847', 175718.47, 291, 108),
  (12038, 777.64, 23872.45, 816.84, '2025-09-20 00:45:10.125157', 209284.91, 216, 135),
  (12039, 396.48, 7662.28, 521.27, '2024-12-28 15:23:56.357352', 14303.5, 37, 129),
  (12040, 619.99, -414.54, 713.49, '2026-03-08 04:33:24.271365', 71161.07, 114, 132),
  (12041, 141.07, 3375.41, 155.94, '2026-02-02 14:29:27.097809', 53558.38, 332, 136),
  (12042, 60.26, 29729.0, 82.53, '2025-12-28 19:35:01.521302', 12312.8, 218, 130),
  (12043, 760.3, 12443.14, 989.01, '2024-10-19 22:34:55.115168', 319633.41, 341, 133),
  (12044, 579.06, 29308.56, 657.41, '2025-07-27 18:35:58.852277', 158618.13, 222, 136),
  (12045, 158.48, 12788.43, 215.18, '2025-05-27 06:10:20.202051', 21514.6, 107, 105),
  (12046, 257.19, 6895.63, 340.96, '2024-07-20 07:31:03.406506', 132218.98, 414, 118),
  (12047, 665.41, 24311.66, 833.74, '2024-11-27 02:03:53.129087', 121986.12, 154, 132),
  (12048, 698.95, 7079.34, 868.91, '2025-05-14 13:45:57.685720', 185552.26, 238, 135),
  (12049, 332.91, 1602.83, 430.83, '2025-04-21 23:57:24.944191', 166781.99, 487, 137),
  (12050, 337.23, -3472.34, 441.99, '2024-08-21 01:32:06.144994', 182838.54, 448, 125),
  (12051, 339.56, 17820.67, 374.62, '2026-03-08 16:52:48.767430', 144217.3, 349, 103),
  (12052, 144.68, -1487.24, 194.71, '2024-08-10 12:21:05.293608', 46620.66, 312, 107),
  (12053, 444.46, 45.44, 602.17, '2025-08-14 01:40:18.235813', 97866.44, 243, 110),
  (12054, 106.12, 6849.64, 137.15, '2025-09-28 06:52:11.815082', 56025.99, 410, 106),
  (12055, 688.82, 13676.78, 953.29, '2025-07-05 22:05:20.209115', 359361.1, 446, 132),
  (12056, 704.29, 3216.96, 908.21, '2025-12-26 07:54:42.271970', 22618.66, 28, 119),
  (12057, 798.07, 29241.82, 1050.36, '2025-06-05 14:09:56.217693', 292868.93, 392, 107),
  (12058, 382.76, -3986.85, 445.35, '2025-12-13 16:43:35.537128', 142471.71, 365, 104),
  (12059, 270.03, 3546.91, 322.47, '2024-05-10 14:31:26.631639', 58198.81, 201, 112),
  (12060, 177.49, 8389.05, 228.8, '2024-05-23 02:06:28.521389', 10150.62, 50, 132),
  (12061, 734.62, 17326.66, 889.51, '2025-08-01 10:44:32.781795', 60539.05, 83, 101),
  (12062, 724.18, 18716.38, 800.43, '2025-06-15 04:45:39.361979', 226378.65, 248, 129),
  (12063, 758.93, 28671.02, 980.24, '2025-08-08 12:22:53.534599', 239894.07, 310, 130),
  (12064, 683.98, 24866.74, 743.71, '2025-11-01 03:02:18.411940', 98679.29, 111, 125),
  (12065, 478.94, 19474.77, 506.56, '2025-02-18 04:29:12.311093', 148269.33, 304, 126);
INSERT INTO Asset (asset_id, asset_type, ticker, total_market, asset_name, exchange, pos_id) VALUES
  (13001, 'Equity', 'AAPL', 2800000000000, 'Apple Inc.', 'NASDAQ', 12001),
  (13002, 'Equity', 'MSFT', 3100000000000, 'Microsoft Corporation', 'NASDAQ', 12002),
  (13003, 'Equity', 'NVDA', 2200000000000, 'NVIDIA Corporation', 'NASDAQ', 12003),
  (13004, 'ETF', 'SPY', 550000000000, 'SPDR S&P 500 ETF Trust', 'NYSE Arca', 12004),
  (13005, 'Equity', 'AAPL', 2800000000000, 'Apple Inc.', 'NASDAQ', 12005),
  (13006, 'ETF', 'SPY', 550000000000, 'SPDR S&P 500 ETF Trust', 'NYSE Arca', 12006),
  (13007, 'Equity', 'AAPL', 1022748392666, 'AAPL', 'NYSE Arca', 12007),
  (13008, 'Equity', 'GOOGL', 845957908387, 'GOOGL', 'NYSE Arca', 12008),
  (13009, 'Equity', 'SPY', 2912399186673, 'SPY', 'NYSE Arca', 12009),
  (13010, 'Equity', 'SPY', 2851668294713, 'SPY', 'NASDAQ', 12010),
  (13011, 'Equity', 'IWM', 157922209272, 'IWM', 'NYSE Arca', 12011),
  (13012, 'Equity', 'QQQ', 405701400655, 'QQQ', 'NYSE', 12012),
  (13013, 'Equity', 'QQQ', 780583718176, 'QQQ', 'NASDAQ', 12013),
  (13014, 'Equity', 'IWM', 1620490284683, 'IWM', 'NYSE Arca', 12014),
  (13015, 'Equity', 'VTI', 1140283111770, 'VTI', 'NYSE', 12015),
  (13016, 'Equity', 'QQQ', 1499797010896, 'QQQ', 'NASDAQ', 12016),
  (13017, 'ETF', 'MSFT', 1006288532190, 'MSFT', 'NYSE Arca', 12017),
  (13018, 'ETF', 'VTI', 2461587036327, 'VTI', 'NYSE', 12018),
  (13019, 'Equity', 'IWM', 71824226978, 'IWM', 'NYSE', 12019),
  (13020, 'Equity', 'JPM', 2966520563005, 'JPM', 'NYSE Arca', 12020),
  (13021, 'Equity', 'MA', 484041869699, 'MA', 'NYSE Arca', 12021),
  (13022, 'Equity', 'JPM', 2733116745710, 'JPM', 'NYSE Arca', 12022),
  (13023, 'Equity', 'VOO', 983282891998, 'VOO', 'NYSE Arca', 12023),
  (13024, 'Equity', 'SPY', 2053647897400, 'SPY', 'NYSE Arca', 12024),
  (13025, 'Equity', 'SPY', 522854725595, 'SPY', 'NASDAQ', 12025),
  (13026, 'Equity', 'AAPL', 518921947553, 'AAPL', 'NASDAQ', 12026),
  (13027, 'Equity', 'VOO', 605014231938, 'VOO', 'NYSE', 12027),
  (13028, 'ETF', 'META', 2389179842456, 'META', 'NYSE', 12028),
  (13029, 'Equity', 'VOO', 2889410003801, 'VOO', 'NASDAQ', 12029),
  (13030, 'ETF', 'MA', 1242447400503, 'MA', 'NASDAQ', 12030),
  (13031, 'Equity', 'GOOGL', 1966114435535, 'GOOGL', 'NASDAQ', 12031),
  (13032, 'Equity', 'MSFT', 2403874475502, 'MSFT', 'NYSE Arca', 12032),
  (13033, 'Equity', 'AAPL', 1222890774221, 'AAPL', 'NASDAQ', 12033),
  (13034, 'Equity', 'VTI', 2010699666398, 'VTI', 'NASDAQ', 12034),
  (13035, 'Equity', 'SPY', 2636971619022, 'SPY', 'NASDAQ', 12035),
  (13036, 'Equity', 'IWM', 1080879267618, 'IWM', 'NASDAQ', 12036),
  (13037, 'Equity', 'MSFT', 922913371074, 'MSFT', 'NYSE Arca', 12037),
  (13038, 'Equity', 'VTI', 1035937529881, 'VTI', 'NYSE', 12038),
  (13039, 'Equity', 'IWM', 2633797801897, 'IWM', 'NASDAQ', 12039),
  (13040, 'Equity', 'VTI', 649881528473, 'VTI', 'NASDAQ', 12040),
  (13041, 'Equity', 'IWM', 491785796583, 'IWM', 'NYSE Arca', 12041),
  (13042, 'Equity', 'NVDA', 1582021854947, 'NVDA', 'NASDAQ', 12042),
  (13043, 'Equity', 'AAPL', 1174684518958, 'AAPL', 'NASDAQ', 12043),
  (13044, 'Equity', 'QQQ', 2322500417086, 'QQQ', 'NASDAQ', 12044),
  (13045, 'Equity', 'JPM', 2266412775952, 'JPM', 'NYSE Arca', 12045),
  (13046, 'Equity', 'JPM', 982826579606, 'JPM', 'NYSE Arca', 12046),
  (13047, 'Equity', 'QQQ', 2908531612139, 'QQQ', 'NYSE Arca', 12047),
  (13048, 'Equity', 'JPM', 276421763333, 'JPM', 'NYSE', 12048),
  (13049, 'ETF', 'TSLA', 485393168869, 'TSLA', 'NYSE', 12049),
  (13050, 'ETF', 'MSFT', 366049639625, 'MSFT', 'NYSE', 12050),
  (13051, 'Equity', 'MSFT', 1217427798924, 'MSFT', 'NYSE Arca', 12051),
  (13052, 'Equity', 'TSLA', 2638496911530, 'TSLA', 'NYSE Arca', 12052),
  (13053, 'Equity', 'JPM', 2670756081567, 'JPM', 'NYSE', 12053),
  (13054, 'Equity', 'IWM', 515525293280, 'IWM', 'NYSE Arca', 12054),
  (13055, 'Equity', 'TSLA', 1827752538644, 'TSLA', 'NYSE', 12055),
  (13056, 'ETF', 'TSLA', 1384797925295, 'TSLA', 'NYSE', 12056),
  (13057, 'Equity', 'SPY', 1656067217708, 'SPY', 'NASDAQ', 12057),
  (13058, 'ETF', 'MSFT', 418388530268, 'MSFT', 'NYSE', 12058),
  (13059, 'Equity', 'QQQ', 1649555644433, 'QQQ', 'NASDAQ', 12059),
  (13060, 'Equity', 'MA', 2483714866661, 'MA', 'NYSE Arca', 12060),
  (13061, 'Equity', 'SPY', 1814411243681, 'SPY', 'NYSE', 12061),
  (13062, 'ETF', 'VTI', 2648345278638, 'VTI', 'NYSE', 12062),
  (13063, 'Equity', 'MSFT', 2241570167756, 'MSFT', 'NASDAQ', 12063),
  (13064, 'Equity', 'SPY', 995618498488, 'SPY', 'NASDAQ', 12064),
  (13065, 'Equity', 'VTI', 1627296845313, 'VTI', 'NASDAQ', 12065);
INSERT INTO AnalystRating (rate_id, rating, rating_date, analyst_firm, asset_rating) VALUES
  (14001, 5, '2026-04-08 00:00:00', 'Goldman Sachs', 13001),
  (14002, 4, '2026-04-08 00:00:00', 'Morgan Stanley', 13002),
  (14003, 5, '2026-04-08 00:00:00', 'JPMorgan', 13003),
  (14004, 4, '2026-04-08 00:00:00', 'Bank of America', 13004),
  (14005, 3, '2026-04-20 08:34:41.036829', 'Citigroup', 13029),
  (14006, 4, '2026-04-20 08:33:50.293702', 'Citigroup', 13004),
  (14007, 5, '2026-04-20 08:34:36.779044', 'JPMorgan', 13004),
  (14008, 2, '2026-04-20 08:32:35.281796', 'JPMorgan', 13040),
  (14009, 3, '2026-04-20 08:36:35.394061', 'JPMorgan', 13001),
  (14010, 2, '2026-04-20 08:33:44.860135', 'Morgan Stanley', 13052),
  (14011, 1, '2026-04-20 08:35:40.687736', 'Morgan Stanley', 13004),
  (14012, 1, '2026-04-20 08:34:57.596703', 'Citigroup', 13028),
  (14013, 4, '2026-04-20 08:32:38.076194', 'Bank of America', 13059),
  (14014, 3, '2026-04-20 08:31:17.270289', 'Morgan Stanley', 13048),
  (14015, 3, '2026-04-20 08:31:12.568692', 'JPMorgan', 13011),
  (14016, 1, '2026-04-20 08:33:29.257980', 'Morgan Stanley', 13021),
  (14017, 5, '2026-04-20 08:33:45.330407', 'Goldman Sachs', 13011),
  (14018, 3, '2026-04-20 08:32:04.448285', 'Bank of America', 13055),
  (14019, 4, '2026-04-20 08:34:29.397695', 'Citigroup', 13057),
  (14020, 4, '2026-04-20 08:32:43.529700', 'JPMorgan', 13028),
  (14021, 5, '2026-04-20 08:35:09.610639', 'Goldman Sachs', 13045),
  (14022, 4, '2026-04-20 08:35:15.311912', 'Goldman Sachs', 13037),
  (14023, 5, '2026-04-20 08:36:00.879852', 'Bank of America', 13040),
  (14024, 1, '2026-04-20 08:36:42.134686', 'Morgan Stanley', 13051),
  (14025, 5, '2026-04-20 08:31:38.075814', 'Goldman Sachs', 13001),
  (14026, 2, '2026-04-20 08:33:04.394471', 'JPMorgan', 13028),
  (14027, 2, '2026-04-20 08:34:13.194438', 'JPMorgan', 13038),
  (14028, 3, '2026-04-20 08:32:45.881719', 'Goldman Sachs', 13001),
  (14029, 4, '2026-04-20 08:33:38.930124', 'Bank of America', 13023),
  (14030, 2, '2026-04-20 08:32:27.289803', 'Bank of America', 13030),
  (14031, 5, '2026-04-20 08:32:20.250798', 'Citigroup', 13046),
  (14032, 1, '2026-04-20 08:31:25.852195', 'Bank of America', 13006),
  (14033, 4, '2026-04-20 08:32:35.476322', 'Goldman Sachs', 13059),
  (14034, 1, '2026-04-20 08:33:09.293940', 'JPMorgan', 13055),
  (14035, 5, '2026-04-20 08:34:32.535880', 'Bank of America', 13054),
  (14036, 3, '2026-04-20 08:32:20.377301', 'Goldman Sachs', 13052),
  (14037, 1, '2026-04-20 08:36:02.510701', 'JPMorgan', 13022),
  (14038, 5, '2026-04-20 08:31:48.491878', 'Bank of America', 13047),
  (14039, 1, '2026-04-20 08:32:48.876895', 'Bank of America', 13014),
  (14040, 2, '2026-04-20 08:34:18.967334', 'Bank of America', 13052),
  (14041, 5, '2026-04-20 08:32:43.577372', 'Goldman Sachs', 13051),
  (14042, 3, '2026-04-20 08:35:25.723695', 'JPMorgan', 13029),
  (14043, 3, '2026-04-20 08:33:50.375595', 'Morgan Stanley', 13010),
  (14044, 5, '2026-04-20 08:33:56.300942', 'Goldman Sachs', 13025),
  (14045, 3, '2026-04-20 08:33:50.553495', 'JPMorgan', 13019),
  (14046, 2, '2026-04-20 08:32:42.074574', 'Goldman Sachs', 13019),
  (14047, 3, '2026-04-20 08:30:59.343467', 'Morgan Stanley', 13023),
  (14048, 5, '2026-04-20 08:36:31.283809', 'Morgan Stanley', 13010),
  (14049, 2, '2026-04-20 08:33:52.960007', 'Bank of America', 13060),
  (14050, 5, '2026-04-20 08:36:39.007187', 'Citigroup', 13058),
  (14051, 5, '2026-04-20 08:32:08.451992', 'Citigroup', 13042),
  (14052, 3, '2026-04-20 08:32:58.042232', 'Morgan Stanley', 13057),
  (14053, 1, '2026-04-20 08:31:09.194546', 'Bank of America', 13057),
  (14054, 3, '2026-04-20 08:33:49.161913', 'JPMorgan', 13008),
  (14055, 3, '2026-04-20 08:36:08.642211', 'Citigroup', 13010),
  (14056, 3, '2026-04-20 08:34:46.533613', 'Bank of America', 13058),
  (14057, 1, '2026-04-20 08:33:40.411267', 'Goldman Sachs', 13048),
  (14058, 3, '2026-04-20 08:34:04.208670', 'Goldman Sachs', 13012),
  (14059, 5, '2026-04-20 08:35:55.982052', 'Citigroup', 13065),
  (14060, 4, '2026-04-20 08:33:26.133997', 'Bank of America', 13006),
  (14061, 4, '2026-04-20 08:36:08.684063', 'Citigroup', 13025),
  (14062, 3, '2026-04-20 08:35:12.902903', 'Citigroup', 13061),
  (14063, 5, '2026-04-20 08:35:25.988435', 'Morgan Stanley', 13008),
  (14064, 4, '2026-04-20 08:33:02.737447', 'Goldman Sachs', 13044),
  (14065, 1, '2026-04-20 08:33:15.209383', 'Citigroup', 13023);
INSERT INTO Trade (trade_id, trade_type, trade_date, quantity, price, trade_asset) VALUES
  (15001, 'BUY', '2026-04-05 09:35:00', 100, 212.48, 13001),
  (15002, 'BUY', '2026-04-04 10:15:00', 50, 428.67, 13002),
  (15003, 'BUY', '2026-04-03 11:05:00', 80, 901.12, 13003),
  (15004, 'SELL', '2026-04-02 14:40:00', 25, 518.24, 13004),
  (15005, 'BUY', '2026-04-06 09:50:00', 10, 212.48, 13005),
  (15006, 'BUY', '2026-04-06 10:20:00', 5, 518.2, 13006),
  (15007, 'BUY', '2025-11-14 09:48:22.281600', 64, 651.48, 13007),
  (15008, 'SELL', '2025-06-30 05:09:20.972671', 135, 494.34, 13008),
  (15009, 'BUY', '2025-11-08 04:16:24.844531', 94, 366.92, 13009),
  (15010, 'BUY', '2025-05-16 23:24:57.014253', 100, 397.45, 13010),
  (15011, 'BUY', '2025-10-21 07:02:13.609081', 174, 558.2, 13011),
  (15012, 'BUY', '2026-01-24 07:26:13.845130', 17, 330.24, 13012),
  (15013, 'SELL', '2025-07-31 06:49:06.577521', 73, 264.2, 13013),
  (15014, 'BUY', '2026-04-16 08:59:09.119543', 86, 119.28, 13014),
  (15015, 'BUY', '2025-12-24 15:03:55.260990', 90, 313.7, 13015),
  (15016, 'SELL', '2025-06-02 12:19:22.983308', 34, 555.79, 13016),
  (15017, 'BUY', '2026-04-11 06:11:45.984149', 80, 525.08, 13017),
  (15018, 'BUY', '2025-09-10 23:43:10.471997', 33, 619.6, 13018),
  (15019, 'BUY', '2026-02-04 10:43:56.983149', 166, 619.89, 13019),
  (15020, 'BUY', '2025-08-21 23:11:40.292084', 5, 358.21, 13020),
  (15021, 'BUY', '2026-03-29 01:27:07.044989', 55, 340.47, 13021),
  (15022, 'SELL', '2026-01-20 20:41:51.631238', 50, 242.56, 13022),
  (15023, 'BUY', '2025-07-01 19:44:52.016870', 40, 115.59, 13023),
  (15024, 'BUY', '2025-10-23 01:41:59.836174', 130, 705.24, 13024),
  (15025, 'BUY', '2025-10-19 18:25:01.382412', 170, 336.25, 13025),
  (15026, 'BUY', '2025-05-06 15:58:20.933718', 153, 370.21, 13026),
  (15027, 'BUY', '2025-06-09 04:04:55.663068', 47, 756.64, 13027),
  (15028, 'BUY', '2025-08-19 18:12:32.616071', 185, 422.02, 13028),
  (15029, 'SELL', '2025-10-10 03:34:54.085565', 94, 624.91, 13029),
  (15030, 'BUY', '2025-10-04 00:42:22.320310', 114, 569.01, 13030),
  (15031, 'SELL', '2025-11-27 13:11:18.252719', 60, 503.91, 13031),
  (15032, 'BUY', '2025-10-25 09:39:13.295858', 121, 818.38, 13032),
  (15033, 'BUY', '2025-08-17 21:43:26.670882', 95, 626.56, 13033),
  (15034, 'SELL', '2025-11-30 00:51:43.846454', 119, 704.02, 13034),
  (15035, 'SELL', '2025-06-18 11:18:29.161198', 129, 498.34, 13035),
  (15036, 'BUY', '2026-04-16 22:21:14.307662', 52, 731.07, 13036),
  (15037, 'BUY', '2026-01-15 03:33:00.881310', 65, 94.35, 13037),
  (15038, 'SELL', '2025-08-07 09:52:14.149300', 96, 521.36, 13038),
  (15039, 'BUY', '2025-08-20 23:25:23.226959', 183, 769.01, 13039),
  (15040, 'BUY', '2026-02-16 15:26:24.484259', 73, 121.29, 13040),
  (15041, 'BUY', '2025-10-31 13:13:02.473678', 70, 431.92, 13041),
  (15042, 'BUY', '2026-01-03 23:29:49.964374', 112, 127.96, 13042),
  (15043, 'BUY', '2025-08-07 14:44:46.706709', 116, 801.94, 13043),
  (15044, 'BUY', '2026-02-12 01:30:45.572983', 107, 95.27, 13044),
  (15045, 'BUY', '2025-09-01 15:47:25.159472', 61, 378.24, 13045),
  (15046, 'BUY', '2025-12-22 05:16:45.442383', 96, 240.86, 13046),
  (15047, 'BUY', '2026-04-13 00:24:18.476840', 26, 763.3, 13047),
  (15048, 'BUY', '2025-11-19 07:26:49.392957', 38, 166.96, 13048),
  (15049, 'BUY', '2026-02-05 03:00:56.319923', 121, 641.66, 13049),
  (15050, 'BUY', '2026-01-10 00:52:19.689907', 195, 649.71, 13050),
  (15051, 'SELL', '2025-12-27 10:04:46.857482', 158, 54.46, 13051),
  (15052, 'BUY', '2025-04-29 20:26:12.234345', 5, 267.54, 13052),
  (15053, 'BUY', '2025-10-10 10:59:53.094066', 141, 849.19, 13053),
  (15054, 'SELL', '2026-04-08 07:57:49.652438', 29, 709.75, 13054),
  (15055, 'BUY', '2026-01-31 01:36:09.570948', 78, 153.57, 13055),
  (15056, 'BUY', '2026-01-28 14:30:15.121580', 108, 593.11, 13056),
  (15057, 'SELL', '2025-11-17 02:15:31.134805', 17, 144.23, 13057),
  (15058, 'SELL', '2026-01-08 14:28:27.894105', 153, 505.65, 13058),
  (15059, 'BUY', '2025-11-19 05:52:45.003647', 184, 172.04, 13059),
  (15060, 'SELL', '2025-06-21 09:31:19.117355', 1, 572.59, 13060),
  (15061, 'BUY', '2025-12-05 20:44:18.472161', 147, 404.08, 13061),
  (15062, 'BUY', '2025-12-02 11:18:34.203945', 135, 878.46, 13062),
  (15063, 'BUY', '2026-02-21 08:19:23.894187', 135, 512.47, 13063),
  (15064, 'BUY', '2025-06-13 02:13:14.014047', 100, 792.33, 13064),
  (15065, 'BUY', '2025-12-24 17:56:33.915214', 163, 378.85, 13065);
INSERT INTO Strategy (strategy_id, strategy_name, strategy_type, created_at, parameter, status, trade_strat, port_strat) VALUES
  (16001, 'Tech Momentum', 'Momentum', '2026-01-10 09:00:00', 'lookback=30,stop=0.03', 'active', 15001, 101),
  (16002, 'Mean Reversion', 'Mean Reversion', '2026-01-15 10:00:00', 'zscore=1.5,window=20', 'active', 15002, 101),
  (16003, 'AI Growth Rotation', 'Rotation', '2026-02-01 09:30:00', 'rebalance=10,max=0.35', 'active', 15003, 101),
  (16004, 'Legacy ETF Hedge', 'Hedging', '2025-12-20 15:00:00', 'hedge_band=0.02,weekly', 'inactive', 15004, 101),
  (16005, 'Beginner Core Growth', 'Long Only', '2026-02-10 10:30:00', 'monthly_contrib=500', 'active', 15005, 102),
  (16006, 'Beginner Market ETF', 'Passive', '2026-02-12 11:00:00', 'hold_forever=true', 'active', 15006, 102),
  (16007, 'Rotation 1', 'Rotation', '2024-05-12 22:34:21.815611', 'hedge_band=0.02,weekly', 'active', 15007, 118),
  (16008, 'Momentum 2', 'Momentum', '2026-03-13 12:33:22.604240', 'rebalance=10,max=0.35', 'active', 15008, 132),
  (16009, 'Long Only 3', 'Long Only', '2024-07-09 03:43:40.314888', 'hedge_band=0.02,weekly', 'active', 15009, 102),
  (16010, 'Momentum 4', 'Momentum', '2024-05-03 17:05:40.877640', 'rebalance=10,max=0.35', 'inactive', 15010, 124),
  (16011, 'Passive 5', 'Passive', '2024-12-05 00:35:41.949021', 'zscore=1.5,window=20', 'inactive', 15011, 123),
  (16012, 'Passive 6', 'Passive', '2024-08-08 11:54:42.383365', 'monthly_contrib=500', 'inactive', 15012, 121),
  (16013, 'Mean Reversion 7', 'Mean Reversion', '2025-09-06 06:36:06.453458', 'lookback=30,stop=0.03', 'inactive', 15013, 131),
  (16014, 'Momentum 8', 'Momentum', '2025-02-13 15:37:37.510077', 'rebalance=10,max=0.35', 'active', 15014, 107),
  (16015, 'Mean Reversion 9', 'Mean Reversion', '2025-11-06 23:31:25.172539', 'lookback=30,stop=0.03', 'active', 15015, 135),
  (16016, 'Long Only 10', 'Long Only', '2026-02-21 07:12:36.965494', 'monthly_contrib=500', 'inactive', 15016, 109),
  (16017, 'Rotation 11', 'Rotation', '2026-01-17 10:54:02.663479', 'lookback=30,stop=0.03', 'inactive', 15017, 131),
  (16018, 'Rotation 12', 'Rotation', '2025-10-09 09:25:39.866536', 'rebalance=10,max=0.35', 'active', 15018, 131),
  (16019, 'Rotation 13', 'Rotation', '2024-06-04 08:58:43.464119', 'lookback=30,stop=0.03', 'active', 15019, 104),
  (16020, 'Hedging 14', 'Hedging', '2024-07-29 17:53:15.815346', 'hedge_band=0.02,weekly', 'active', 15020, 108),
  (16021, 'Rotation 15', 'Rotation', '2024-09-18 08:06:21.450633', 'zscore=1.5,window=20', 'active', 15021, 134),
  (16022, 'Rotation 16', 'Rotation', '2024-12-13 07:42:04.186640', 'hold_forever=true', 'active', 15022, 120),
  (16023, 'Passive 17', 'Passive', '2025-08-16 14:55:31.847813', 'monthly_contrib=500', 'active', 15023, 114),
  (16024, 'Long Only 18', 'Long Only', '2025-05-08 17:29:54.952897', 'zscore=1.5,window=20', 'inactive', 15024, 105),
  (16025, 'Rotation 19', 'Rotation', '2024-12-05 01:38:56.030210', 'lookback=30,stop=0.03', 'active', 15025, 115),
  (16026, 'Passive 20', 'Passive', '2024-08-24 09:14:32.668066', 'rebalance=10,max=0.35', 'active', 15026, 117),
  (16027, 'Long Only 21', 'Long Only', '2026-02-15 04:00:06.963551', 'hedge_band=0.02,weekly', 'active', 15027, 108),
  (16028, 'Passive 22', 'Passive', '2024-12-25 22:36:05.105686', 'monthly_contrib=500', 'active', 15028, 104),
  (16029, 'Momentum 23', 'Momentum', '2025-01-03 16:16:39.680579', 'hedge_band=0.02,weekly', 'active', 15029, 129),
  (16030, 'Rotation 24', 'Rotation', '2025-11-04 19:14:08.306771', 'hedge_band=0.02,weekly', 'active', 15030, 135),
  (16031, 'Passive 25', 'Passive', '2025-09-28 11:59:07.859969', 'hedge_band=0.02,weekly', 'active', 15031, 139),
  (16032, 'Long Only 26', 'Long Only', '2025-08-02 19:16:11.271615', 'hedge_band=0.02,weekly', 'inactive', 15032, 138),
  (16033, 'Momentum 27', 'Momentum', '2025-09-08 07:55:07.580996', 'zscore=1.5,window=20', 'inactive', 15033, 112),
  (16034, 'Momentum 28', 'Momentum', '2025-07-09 12:39:13.550061', 'zscore=1.5,window=20', 'active', 15034, 128),
  (16035, 'Passive 29', 'Passive', '2024-09-07 07:46:26.719563', 'rebalance=10,max=0.35', 'active', 15035, 121),
  (16036, 'Long Only 30', 'Long Only', '2024-10-16 22:56:42.766422', 'lookback=30,stop=0.03', 'inactive', 15036, 126),
  (16037, 'Passive 31', 'Passive', '2025-06-01 13:11:31.724108', 'monthly_contrib=500', 'active', 15037, 108),
  (16038, 'Hedging 32', 'Hedging', '2024-10-01 03:21:05.014060', 'lookback=30,stop=0.03', 'inactive', 15038, 135),
  (16039, 'Long Only 33', 'Long Only', '2026-03-31 13:40:48.278302', 'rebalance=10,max=0.35', 'active', 15039, 129),
  (16040, 'Passive 34', 'Passive', '2024-11-23 06:43:29.675522', 'rebalance=10,max=0.35', 'active', 15040, 132),
  (16041, 'Momentum 35', 'Momentum', '2024-11-16 23:46:16.193653', 'hedge_band=0.02,weekly', 'active', 15041, 136),
  (16042, 'Long Only 36', 'Long Only', '2024-09-18 06:59:07.865112', 'monthly_contrib=500', 'inactive', 15042, 130),
  (16043, 'Rotation 37', 'Rotation', '2025-09-16 20:35:53.492146', 'rebalance=10,max=0.35', 'inactive', 15043, 133),
  (16044, 'Mean Reversion 38', 'Mean Reversion', '2024-12-07 11:17:42.161136', 'hold_forever=true', 'active', 15044, 136),
  (16045, 'Mean Reversion 39', 'Mean Reversion', '2024-12-30 16:08:17.440275', 'lookback=30,stop=0.03', 'active', 15045, 105),
  (16046, 'Hedging 40', 'Hedging', '2026-03-02 22:15:55.437464', 'zscore=1.5,window=20', 'inactive', 15046, 118),
  (16047, 'Momentum 41', 'Momentum', '2025-11-21 21:44:44.940382', 'hedge_band=0.02,weekly', 'active', 15047, 132),
  (16048, 'Passive 42', 'Passive', '2024-11-05 15:12:57.181750', 'lookback=30,stop=0.03', 'inactive', 15048, 135),
  (16049, 'Rotation 43', 'Rotation', '2024-07-17 21:43:49.647240', 'rebalance=10,max=0.35', 'active', 15049, 137),
  (16050, 'Rotation 44', 'Rotation', '2025-08-27 03:17:57.566439', 'hold_forever=true', 'active', 15050, 125),
  (16051, 'Mean Reversion 45', 'Mean Reversion', '2025-01-22 05:42:14.555538', 'zscore=1.5,window=20', 'active', 15051, 103),
  (16052, 'Momentum 46', 'Momentum', '2026-04-05 20:46:54.818105', 'rebalance=10,max=0.35', 'inactive', 15052, 107),
  (16053, 'Rotation 47', 'Rotation', '2025-12-08 16:28:52.812734', 'monthly_contrib=500', 'inactive', 15053, 110),
  (16054, 'Long Only 48', 'Long Only', '2026-03-18 04:49:21.494077', 'lookback=30,stop=0.03', 'active', 15054, 106),
  (16055, 'Hedging 49', 'Hedging', '2025-11-28 15:13:09.630225', 'hedge_band=0.02,weekly', 'inactive', 15055, 132),
  (16056, 'Long Only 50', 'Long Only', '2024-11-18 01:09:56.891723', 'monthly_contrib=500', 'active', 15056, 119),
  (16057, 'Momentum 51', 'Momentum', '2024-11-15 23:41:11.253994', 'zscore=1.5,window=20', 'active', 15057, 107),
  (16058, 'Hedging 52', 'Hedging', '2025-09-23 13:03:52.304097', 'monthly_contrib=500', 'inactive', 15058, 104),
  (16059, 'Rotation 53', 'Rotation', '2024-12-28 21:22:02.166884', 'zscore=1.5,window=20', 'inactive', 15059, 112),
  (16060, 'Mean Reversion 54', 'Mean Reversion', '2025-03-09 00:36:44.807083', 'zscore=1.5,window=20', 'active', 15060, 132),
  (16061, 'Momentum 55', 'Momentum', '2024-10-24 04:56:33.278976', 'lookback=30,stop=0.03', 'inactive', 15061, 101),
  (16062, 'Rotation 56', 'Rotation', '2025-04-04 20:04:25.907416', 'zscore=1.5,window=20', 'active', 15062, 129),
  (16063, 'Passive 57', 'Passive', '2024-09-14 11:39:00.390470', 'zscore=1.5,window=20', 'active', 15063, 130),
  (16064, 'Rotation 58', 'Rotation', '2025-05-18 07:10:29.393129', 'lookback=30,stop=0.03', 'active', 15064, 125),
  (16065, 'Passive 59', 'Passive', '2026-03-02 10:24:22.938727', 'hold_forever=true', 'active', 15065, 126);
INSERT INTO RiskMetric (riskmetric_id, sharpe_ratio, volatility, drawdown, calculated_at, risk_strat) VALUES
  (17001, 1.42, 0.18, 0.11, '2026-04-10 16:00:00', 16001),
  (17002, 1.18, 0.14, 0.08, '2026-04-10 16:00:00', 16002),
  (17003, 1.56, 0.22, 0.13, '2026-04-10 16:00:00', 16003),
  (17004, 0.62, 0.1, 0.05, '2026-04-10 16:00:00', 16004),
  (17005, 0.74, 0.12, 0.06, '2026-04-10 16:00:00', 16005),
  (17006, 0.68, 0.09, 0.04, '2026-04-10 16:00:00', 16006),
  (17007, 0.54, 0.14, 0.12, '2026-04-20 08:36:32.770278', 16007),
  (17008, 1.25, 0.1, 0.19, '2026-04-20 08:35:59.236377', 16008),
  (17009, 0.59, 0.25, 0.15, '2026-04-20 08:36:27.940622', 16009),
  (17010, 1.45, 0.3, 0.12, '2026-04-20 08:36:26.209830', 16010),
  (17011, 1.87, 0.06, 0.03, '2026-04-20 08:36:05.547482', 16011),
  (17012, 1.52, 0.22, 0.14, '2026-04-20 08:36:31.190038', 16012),
  (17013, 1.76, 0.17, 0.14, '2026-04-20 08:36:22.862489', 16013),
  (17014, 1.25, 0.24, 0.07, '2026-04-20 08:36:29.276675', 16014),
  (17015, 2.12, 0.19, 0.16, '2026-04-20 08:35:54.149467', 16015),
  (17016, 1.6, 0.14, 0.03, '2026-04-20 08:36:15.798082', 16016),
  (17017, 0.41, 0.18, 0.11, '2026-04-20 08:36:34.041483', 16017),
  (17018, 0.69, 0.23, 0.08, '2026-04-20 08:35:57.032694', 16018),
  (17019, 1.66, 0.27, 0.17, '2026-04-20 08:36:37.245964', 16019),
  (17020, 2.15, 0.09, 0.09, '2026-04-20 08:35:51.310887', 16020),
  (17021, 1.37, 0.15, 0.1, '2026-04-20 08:36:24.021154', 16021),
  (17022, 0.81, 0.12, 0.04, '2026-04-20 08:36:46.745981', 16022),
  (17023, 0.85, 0.17, 0.13, '2026-04-20 08:36:15.414447', 16023),
  (17024, 0.77, 0.31, 0.05, '2026-04-20 08:36:47.101926', 16024),
  (17025, 0.92, 0.22, 0.08, '2026-04-20 08:36:43.703977', 16025),
  (17026, 1.75, 0.2, 0.11, '2026-04-20 08:36:19.646911', 16026),
  (17027, 1.25, 0.14, 0.02, '2026-04-20 08:36:02.967359', 16027),
  (17028, 2.1, 0.2, 0.19, '2026-04-20 08:36:48.834842', 16028),
  (17029, 0.71, 0.16, 0.03, '2026-04-20 08:36:10.270062', 16029),
  (17030, 1.24, 0.31, 0.14, '2026-04-20 08:36:29.753875', 16030),
  (17031, 1.19, 0.21, 0.17, '2026-04-20 08:36:45.476218', 16031),
  (17032, 1.12, 0.31, 0.15, '2026-04-20 08:35:56.367643', 16032),
  (17033, 1.75, 0.16, 0.09, '2026-04-20 08:36:25.448001', 16033),
  (17034, 1.38, 0.11, 0.12, '2026-04-20 08:36:23.109137', 16034),
  (17035, 0.44, 0.2, 0.16, '2026-04-20 08:36:34.387061', 16035),
  (17036, 0.83, 0.35, 0.14, '2026-04-20 08:36:47.200163', 16036),
  (17037, 0.53, 0.34, 0.09, '2026-04-20 08:36:45.793783', 16037),
  (17038, 1.81, 0.15, 0.19, '2026-04-20 08:36:01.503886', 16038),
  (17039, 1.73, 0.11, 0.11, '2026-04-20 08:36:43.934698', 16039),
  (17040, 1.25, 0.06, 0.04, '2026-04-20 08:36:01.547323', 16040),
  (17041, 0.93, 0.19, 0.1, '2026-04-20 08:36:46.178089', 16041),
  (17042, 1.45, 0.2, 0.08, '2026-04-20 08:36:50.830308', 16042),
  (17043, 1.46, 0.1, 0.2, '2026-04-20 08:36:14.819674', 16043),
  (17044, 1.7, 0.14, 0.08, '2026-04-20 08:36:20.723034', 16044),
  (17045, 1.87, 0.21, 0.15, '2026-04-20 08:36:47.196525', 16045),
  (17046, 0.87, 0.29, 0.09, '2026-04-20 08:36:48.727883', 16046),
  (17047, 1.58, 0.34, 0.13, '2026-04-20 08:36:46.562382', 16047),
  (17048, 1.81, 0.27, 0.14, '2026-04-20 08:36:43.604590', 16048),
  (17049, 0.35, 0.19, 0.19, '2026-04-20 08:35:51.556030', 16049),
  (17050, 1.79, 0.28, 0.12, '2026-04-20 08:36:25.077712', 16050),
  (17051, 1.67, 0.23, 0.05, '2026-04-20 08:35:57.438041', 16051),
  (17052, 1.5, 0.24, 0.17, '2026-04-20 08:36:49.979633', 16052),
  (17053, 0.58, 0.25, 0.03, '2026-04-20 08:36:08.073699', 16053),
  (17054, 2.1, 0.08, 0.02, '2026-04-20 08:36:50.345968', 16054),
  (17055, 0.9, 0.1, 0.14, '2026-04-20 08:36:23.598029', 16055),
  (17056, 1.08, 0.28, 0.19, '2026-04-20 08:36:20.634745', 16056),
  (17057, 1.96, 0.27, 0.03, '2026-04-20 08:36:47.313630', 16057),
  (17058, 0.56, 0.11, 0.08, '2026-04-20 08:36:42.063584', 16058),
  (17059, 1.56, 0.21, 0.08, '2026-04-20 08:36:19.081246', 16059),
  (17060, 0.63, 0.32, 0.08, '2026-04-20 08:36:02.568684', 16060),
  (17061, 0.97, 0.28, 0.15, '2026-04-20 08:35:57.758806', 16061),
  (17062, 1.52, 0.26, 0.13, '2026-04-20 08:36:00.749656', 16062),
  (17063, 0.67, 0.12, 0.12, '2026-04-20 08:36:18.534868', 16063),
  (17064, 0.73, 0.34, 0.07, '2026-04-20 08:36:06.435893', 16064),
  (17065, 0.85, 0.11, 0.15, '2026-04-20 08:36:02.171944', 16065);
INSERT INTO PerformanceRecord (performance_id, port_value, cumulative_PNL, daily_PNL, record_date, strat_perf) VALUES
  (18001, 642310.55, 125430.8, 8450.25, '2026-04-10 10:20:09', 16001),
  (18002, 518904.2, 84210.65, 3125.4, '2026-04-10 01:15:12', 16002),
  (18003, 326305.6, 56320.1, 4278.9, '2026-04-10 06:29:11', 16003),
  (18004, 124000.0, 12040.1, -950.75, '2026-04-10 04:01:00', 16004),
  (18005, 132500.55, 8400.45, 220.3, '2026-04-10 02:08:34', 16005),
  (18006, 113299.57, 2924.12, 101.22, '2026-04-10 11:12:59', 16006),
  (18007, 668229.45, 63248.67, 9005.51, '2026-04-20 08:36:35.197074', 16007),
  (18008, 1601040.44, 47426.08, -3171.89, '2026-04-20 08:36:38.446060', 16008),
  (18009, 1369413.38, 69735.78, 9702.41, '2026-04-20 08:36:25.066873', 16009),
  (18010, 1645836.05, 190467.86, 7069.24, '2026-04-20 08:36:36.436965', 16010),
  (18011, 616382.67, 50402.37, 5712.12, '2026-04-20 08:36:01.529695', 16011),
  (18012, 725408.85, 82898.98, -1153.34, '2026-04-20 08:36:42.368790', 16012),
  (18013, 984204.56, 32434.28, 3078.67, '2026-04-20 08:36:44.822566', 16013),
  (18014, 1869396.67, 136195.97, -2940.91, '2026-04-20 08:36:40.619390', 16014),
  (18015, 1250570.22, 113234.4, -1363.13, '2026-04-20 08:36:21.916840', 16015),
  (18016, 1356176.23, 101518.71, 4569.17, '2026-04-20 08:35:56.204266', 16016),
  (18017, 152357.66, 76793.29, 5760.37, '2026-04-20 08:36:31.155351', 16017),
  (18018, 246062.56, 151860.87, -4922.28, '2026-04-20 08:36:02.086872', 16018),
  (18019, 1123187.5, 185110.93, 1103.61, '2026-04-20 08:35:59.436713', 16019),
  (18020, 1873312.59, 174463.92, 2161.73, '2026-04-20 08:36:10.416100', 16020),
  (18021, 438939.15, 192421.95, -182.48, '2026-04-20 08:36:05.882825', 16021),
  (18022, 1309500.94, 180666.76, -3658.09, '2026-04-20 08:36:06.647117', 16022),
  (18023, 1169560.04, 102381.98, 5846.77, '2026-04-20 08:36:05.131275', 16023),
  (18024, 1876505.29, 181778.24, -2374.03, '2026-04-20 08:36:36.225399', 16024),
  (18025, 1770377.7, 26915.63, 8794.52, '2026-04-20 08:36:48.242089', 16025),
  (18026, 1994485.02, 73368.86, 2430.76, '2026-04-20 08:36:09.116750', 16026),
  (18027, 1876387.05, 192047.59, 8890.6, '2026-04-20 08:36:34.372952', 16027),
  (18028, 1759649.18, -8053.89, 3519.43, '2026-04-20 08:35:51.686144', 16028),
  (18029, 259236.35, 196428.72, -731.58, '2026-04-20 08:36:30.221002', 16029),
  (18030, 1978743.97, 104093.1, 2408.69, '2026-04-20 08:36:32.566115', 16030),
  (18031, 1880192.98, 168722.55, 2020.31, '2026-04-20 08:35:54.727460', 16031),
  (18032, 425982.23, 13655.82, -2562.59, '2026-04-20 08:35:58.093491', 16032),
  (18033, 944883.22, 44025.62, -2207.01, '2026-04-20 08:36:09.408381', 16033),
  (18034, 1486404.9, 156061.21, 3516.72, '2026-04-20 08:36:15.324997', 16034),
  (18035, 1526701.36, 26853.93, 7842.2, '2026-04-20 08:36:21.151228', 16035),
  (18036, 1799233.39, 163667.86, 2729.21, '2026-04-20 08:36:44.707102', 16036),
  (18037, 219138.65, 130543.73, -2228.28, '2026-04-20 08:36:33.213422', 16037),
  (18038, 324193.16, 57956.35, -1279.29, '2026-04-20 08:36:09.658677', 16038),
  (18039, 558531.29, 39459.46, 6306.35, '2026-04-20 08:35:58.044945', 16039),
  (18040, 1910367.9, 53408.63, 5843.24, '2026-04-20 08:36:45.967823', 16040),
  (18041, 72299.68, 127273.51, 5391.53, '2026-04-20 08:36:08.702256', 16041),
  (18042, 171142.45, 14827.22, -397.9, '2026-04-20 08:36:27.877527', 16042),
  (18043, 840562.4, 95529.3, 8426.78, '2026-04-20 08:36:04.147716', 16043),
  (18044, 1421936.22, 55305.37, -3238.76, '2026-04-20 08:35:59.014127', 16044),
  (18045, 1836454.25, 51957.9, 4219.38, '2026-04-20 08:36:00.191134', 16045),
  (18046, 477300.77, 18049.44, -2702.22, '2026-04-20 08:36:35.864090', 16046),
  (18047, 1508082.93, 117205.18, 1237.68, '2026-04-20 08:36:27.344337', 16047),
  (18048, 1121007.29, 88873.9, 3062.77, '2026-04-20 08:36:15.950737', 16048),
  (18049, 1344984.16, 35866.44, -1288.02, '2026-04-20 08:36:23.954071', 16049),
  (18050, 1521742.12, 173358.36, -3771.95, '2026-04-20 08:36:19.249685', 16050),
  (18051, 921158.56, 137790.89, -3828.46, '2026-04-20 08:36:23.251061', 16051),
  (18052, 1150129.01, 2969.19, 3214.74, '2026-04-20 08:36:30.845666', 16052),
  (18053, 1035699.76, 110267.35, -2752.21, '2026-04-20 08:36:04.104697', 16053),
  (18054, 689829.39, 99271.72, -3256.4, '2026-04-20 08:36:05.847926', 16054),
  (18055, 450532.9, 112461.01, -3635.88, '2026-04-20 08:36:36.284373', 16055),
  (18056, 1045231.94, 159825.34, 1801.48, '2026-04-20 08:36:43.388103', 16056),
  (18057, 1050833.29, 85927.68, -4133.95, '2026-04-20 08:35:55.912218', 16057),
  (18058, 951637.7, 159452.22, 5849.2, '2026-04-20 08:36:17.804879', 16058),
  (18059, 822099.98, 161455.18, 6187.07, '2026-04-20 08:36:33.225967', 16059),
  (18060, 1177706.97, -489.14, 167.93, '2026-04-20 08:35:55.686163', 16060),
  (18061, 174331.83, 198765.97, 9018.74, '2026-04-20 08:36:24.850123', 16061),
  (18062, 184587.34, 186092.87, -4523.98, '2026-04-20 08:35:54.705483', 16062),
  (18063, 847290.52, 151484.13, 6487.42, '2026-04-20 08:36:23.858955', 16063),
  (18064, 1957749.91, 125634.97, 1305.43, '2026-04-20 08:36:21.329223', 16064),
  (18065, 1986070.37, 70320.72, 8044.3, '2026-04-20 08:36:25.362100', 16065);
INSERT INTO Benchmark (benchmark_id, sector, current_value, benchmark_name, benchmark_type, ticker, description, strat_bench) VALUES
  (19001, 'Technology', 441.3, 'Nasdaq-100 Index', 'Equity Index', 'QQQ', 'Technology-heavy U.S. large-cap benchmark', 16001),
  (19002, 'Market', 518.24, 'S&P 500 Index', 'Equity Index', 'SPY', 'Broad large-cap U.S. benchmark', 16002),
  (19003, 'Technology', 441.3, 'Nasdaq-100 Index', 'Equity Index', 'QQQ', 'Technology-heavy U.S. large-cap benchmark', 16003),
  (19004, 'Market', 518.24, 'S&P 500 Index', 'Equity Index', 'SPY', 'Broad large-cap U.S. benchmark', 16004),
  (19005, 'Market', 518.24, 'S&P 500 Index', 'Equity Index', 'SPY', 'Broad large-cap U.S. benchmark', 16005),
  (19006, 'Market', 518.24, 'S&P 500 Index', 'Equity Index', 'SPY', 'Broad large-cap U.S. benchmark', 16006),
  (19007, 'Bonds', 95.58, 'US Agg Bond Index', 'Bond Index', 'AGG', 'Bonds benchmark reference', 16007),
  (19008, 'Global', 103.88, 'MSCI World Index', 'Equity Index', 'ACWI', 'Global benchmark reference', 16008),
  (19009, 'Small Cap', 194.64, 'Russell 2000', 'Equity Index', 'IWM', 'Small Cap benchmark reference', 16009),
  (19010, 'Global', 106.48, 'MSCI World Index', 'Equity Index', 'ACWI', 'Global benchmark reference', 16010),
  (19011, 'Market', 520.52, 'S&P 500 Index', 'Equity Index', 'SPY', 'Market benchmark reference', 16011),
  (19012, 'Market', 521.59, 'S&P 500 Index', 'Equity Index', 'SPY', 'Market benchmark reference', 16012),
  (19013, 'Technology', 446.08, 'Nasdaq-100 Index', 'Equity Index', 'QQQ', 'Technology benchmark reference', 16013),
  (19014, 'Bonds', 98.55, 'US Agg Bond Index', 'Bond Index', 'AGG', 'Bonds benchmark reference', 16014),
  (19015, 'Global', 106.79, 'MSCI World Index', 'Equity Index', 'ACWI', 'Global benchmark reference', 16015),
  (19016, 'Bonds', 100.05, 'US Agg Bond Index', 'Bond Index', 'AGG', 'Bonds benchmark reference', 16016),
  (19017, 'Market', 517.85, 'S&P 500 Index', 'Equity Index', 'SPY', 'Market benchmark reference', 16017),
  (19018, 'Market', 516.0, 'S&P 500 Index', 'Equity Index', 'SPY', 'Market benchmark reference', 16018),
  (19019, 'Technology', 436.62, 'Nasdaq-100 Index', 'Equity Index', 'QQQ', 'Technology benchmark reference', 16019),
  (19020, 'Bonds', 97.97, 'US Agg Bond Index', 'Bond Index', 'AGG', 'Bonds benchmark reference', 16020),
  (19021, 'Technology', 438.71, 'Nasdaq-100 Index', 'Equity Index', 'QQQ', 'Technology benchmark reference', 16021),
  (19022, 'Technology', 437.31, 'Nasdaq-100 Index', 'Equity Index', 'QQQ', 'Technology benchmark reference', 16022),
  (19023, 'Technology', 440.76, 'Nasdaq-100 Index', 'Equity Index', 'QQQ', 'Technology benchmark reference', 16023),
  (19024, 'Technology', 438.75, 'Nasdaq-100 Index', 'Equity Index', 'QQQ', 'Technology benchmark reference', 16024),
  (19025, 'Technology', 440.32, 'Nasdaq-100 Index', 'Equity Index', 'QQQ', 'Technology benchmark reference', 16025),
  (19026, 'Market', 518.64, 'S&P 500 Index', 'Equity Index', 'SPY', 'Market benchmark reference', 16026),
  (19027, 'Technology', 437.7, 'Nasdaq-100 Index', 'Equity Index', 'QQQ', 'Technology benchmark reference', 16027),
  (19028, 'Small Cap', 195.79, 'Russell 2000', 'Equity Index', 'IWM', 'Small Cap benchmark reference', 16028),
  (19029, 'Global', 105.74, 'MSCI World Index', 'Equity Index', 'ACWI', 'Global benchmark reference', 16029),
  (19030, 'Global', 110.28, 'MSCI World Index', 'Equity Index', 'ACWI', 'Global benchmark reference', 16030),
  (19031, 'Small Cap', 195.82, 'Russell 2000', 'Equity Index', 'IWM', 'Small Cap benchmark reference', 16031),
  (19032, 'Market', 523.1, 'S&P 500 Index', 'Equity Index', 'SPY', 'Market benchmark reference', 16032),
  (19033, 'Global', 104.76, 'MSCI World Index', 'Equity Index', 'ACWI', 'Global benchmark reference', 16033),
  (19034, 'Small Cap', 196.2, 'Russell 2000', 'Equity Index', 'IWM', 'Small Cap benchmark reference', 16034),
  (19035, 'Global', 112.04, 'MSCI World Index', 'Equity Index', 'ACWI', 'Global benchmark reference', 16035),
  (19036, 'Market', 519.5, 'S&P 500 Index', 'Equity Index', 'SPY', 'Market benchmark reference', 16036),
  (19037, 'Bonds', 97.38, 'US Agg Bond Index', 'Bond Index', 'AGG', 'Bonds benchmark reference', 16037),
  (19038, 'Technology', 446.02, 'Nasdaq-100 Index', 'Equity Index', 'QQQ', 'Technology benchmark reference', 16038),
  (19039, 'Bonds', 99.68, 'US Agg Bond Index', 'Bond Index', 'AGG', 'Bonds benchmark reference', 16039),
  (19040, 'Small Cap', 200.41, 'Russell 2000', 'Equity Index', 'IWM', 'Small Cap benchmark reference', 16040),
  (19041, 'Bonds', 93.31, 'US Agg Bond Index', 'Bond Index', 'AGG', 'Bonds benchmark reference', 16041),
  (19042, 'Bonds', 93.66, 'US Agg Bond Index', 'Bond Index', 'AGG', 'Bonds benchmark reference', 16042),
  (19043, 'Global', 107.29, 'MSCI World Index', 'Equity Index', 'ACWI', 'Global benchmark reference', 16043),
  (19044, 'Market', 516.25, 'S&P 500 Index', 'Equity Index', 'SPY', 'Market benchmark reference', 16044),
  (19045, 'Market', 521.3, 'S&P 500 Index', 'Equity Index', 'SPY', 'Market benchmark reference', 16045),
  (19046, 'Technology', 441.92, 'Nasdaq-100 Index', 'Equity Index', 'QQQ', 'Technology benchmark reference', 16046),
  (19047, 'Bonds', 97.39, 'US Agg Bond Index', 'Bond Index', 'AGG', 'Bonds benchmark reference', 16047),
  (19048, 'Market', 517.12, 'S&P 500 Index', 'Equity Index', 'SPY', 'Market benchmark reference', 16048),
  (19049, 'Small Cap', 195.48, 'Russell 2000', 'Equity Index', 'IWM', 'Small Cap benchmark reference', 16049),
  (19050, 'Technology', 445.52, 'Nasdaq-100 Index', 'Equity Index', 'QQQ', 'Technology benchmark reference', 16050),
  (19051, 'Small Cap', 194.37, 'Russell 2000', 'Equity Index', 'IWM', 'Small Cap benchmark reference', 16051),
  (19052, 'Market', 513.76, 'S&P 500 Index', 'Equity Index', 'SPY', 'Market benchmark reference', 16052),
  (19053, 'Bonds', 98.56, 'US Agg Bond Index', 'Bond Index', 'AGG', 'Bonds benchmark reference', 16053),
  (19054, 'Global', 102.95, 'MSCI World Index', 'Equity Index', 'ACWI', 'Global benchmark reference', 16054),
  (19055, 'Technology', 438.18, 'Nasdaq-100 Index', 'Equity Index', 'QQQ', 'Technology benchmark reference', 16055),
  (19056, 'Global', 109.79, 'MSCI World Index', 'Equity Index', 'ACWI', 'Global benchmark reference', 16056),
  (19057, 'Global', 104.72, 'MSCI World Index', 'Equity Index', 'ACWI', 'Global benchmark reference', 16057),
  (19058, 'Market', 521.93, 'S&P 500 Index', 'Equity Index', 'SPY', 'Market benchmark reference', 16058),
  (19059, 'Small Cap', 196.48, 'Russell 2000', 'Equity Index', 'IWM', 'Small Cap benchmark reference', 16059),
  (19060, 'Technology', 438.42, 'Nasdaq-100 Index', 'Equity Index', 'QQQ', 'Technology benchmark reference', 16060),
  (19061, 'Market', 522.86, 'S&P 500 Index', 'Equity Index', 'SPY', 'Market benchmark reference', 16061),
  (19062, 'Technology', 443.77, 'Nasdaq-100 Index', 'Equity Index', 'QQQ', 'Technology benchmark reference', 16062),
  (19063, 'Bonds', 100.96, 'US Agg Bond Index', 'Bond Index', 'AGG', 'Bonds benchmark reference', 16063),
  (19064, 'Global', 109.59, 'MSCI World Index', 'Equity Index', 'ACWI', 'Global benchmark reference', 16064),
  (19065, 'Bonds', 100.97, 'US Agg Bond Index', 'Bond Index', 'AGG', 'Bonds benchmark reference', 16065);
